coo: 42.3598039_-71.1131296;E 00:00:00;A 00:00:00;E 01:00:00;A 01:00:00;E 02:00:00;A 02:00:00;E 03:00:00;A 03:00:00;E 04:00:00;A 04:00:00;E 05:00:00;A 05:00:00;E 06:00:00;A 06:00:00;E 07:00:00;A 07:00:00;E 08:00:00;A 08:00:00;E 09:00:00;A 09:00:00;E 10:00:00;A 10:00:00;E 11:00:00;A 11:00:00;E 12:00:00;A 12:00:00;E 13:00:00;A 13:00:00;E 14:00:00;A 14:00:00;E 15:00:00;A 15:00:00;E 16:00:00;A 16:00:00;E 17:00:00;A 17:00:00;E 18:00:00;A 18:00:00;E 19:00:00;A 19:00:00;E 20:00:00;A 20:00:00;E 21:00:00;A 21:00:00;E 22:00:00;A 22:00:00;E 23:00:00;A 23:00:00;
2020-01-01;--;--;--;--;--;--;--;--;--;--;--;--;--;--;--;--;--;--;6.17;129.10;14.02;140.63;20.05;153.62;23.71;167.97;24.58;183.06;22.55;197.96;17.89;211.80;11.06;224.20;2.61;235.20;--;--;--;--;--;--;--;--;--;--;--;--;
2020-01-02;--;--;--;--;--;--;--;--;--;--;--;--;--;--;--;--;--;--;6.16;128.97;14.04;140.49;20.09;153.48;23.77;167.83;24.67;182.95;22.66;197.87;18.01;211.74;11.20;224.16;2.75;235.17;--;--;--;--;--;--;--;--;--;--;--;--;
2020-01-03;--;--;--;--;--;--;--;--;--;--;--;--;--;--;--;--;--;--;6.17;128.82;14.07;140.35;20.14;153.34;23.84;167.70;24.77;182.83;22.78;197.78;18.14;211.68;11.33;224.12;2.89;235.16;--;--;--;--;--;--;--;--;--;--;--;--;
2020-01-04;--;--;--;--;--;--;--;--;--;--;--;--;--;--;--;--;--;--;6.18;128.68;14.10;140.20;20.19;153.20;23.93;167.57;24.87;182.72;22.91;197.70;18.28;211.62;11.48;224.09;3.04;235.14;--;--;--;--;--;--;--;--;--;--;--;--;
2020-01-05;--;--;--;--;--;--;--;--;--;--;--;--;--;--;--;--;--;--;6.20;128.53;14.14;140.05;20.26;153.05;24.01;167.44;24.98;182.61;23.04;197.62;18.42;211.57;11.63;224.07;3.19;235.14;--;--;--;--;--;--;--;--;--;--;--;--;
2020-01-06;--;--;--;--;--;--;--;--;--;--;--;--;--;--;--;--;--;--;6.23;128.38;14.18;139.90;20.33;152.90;24.11;167.30;25.10;182.50;23.17;197.54;18.57;211.53;11.78;224.04;3.35;235.14;--;--;--;--;--;--;--;--;--;--;--;--;
2020-01-07;--;--;--;--;--;--;--;--;--;--;--;--;--;--;--;--;--;--;6.26;128.22;14.24;139.74;20.40;152.76;24.21;167.17;25.23;182.40;23.32;197.47;18.72;211.49;11.94;224.03;3.51;235.14;--;--;--;--;--;--;--;--;--;--;--;--;
2020-01-08;--;--;--;--;--;--;--;--;--;--;--;--;--;--;--;--;--;--;6.30;128.06;14.30;139.59;20.49;152.61;24.32;167.04;25.36;182.29;23.47;197.39;18.89;211.45;12.10;224.02;3.67;235.16;--;--;--;--;--;--;--;--;--;--;--;--;
2020-01-09;--;--;--;--;--;--;--;--;--;--;--;--;--;--;--;--;--;--;6.34;127.90;14.36;139.43;20.58;152.46;24.44;166.91;25.50;182.19;23.63;197.33;19.05;211.42;12.27;224.02;3.84;235.17;--;--;--;--;--;--;--;--;--;--;--;--;
2020-01-10;--;--;--;--;--;--;--;--;--;--;--;--;--;--;--;--;--;--;6.39;127.73;14.44;139.27;20.68;152.30;24.57;166.77;25.65;182.09;23.79;197.27;19.22;211.39;12.45;224.02;4.01;235.20;--;--;--;--;--;--;--;--;--;--;--;--;
2020-01-11;--;--;--;--;--;--;--;--;--;--;--;--;--;--;--;--;--;--;6.45;127.56;14.52;139.10;20.79;152.15;24.70;166.64;25.81;181.99;23.96;197.21;19.40;211.37;12.63;224.03;4.19;235.23;--;--;--;--;--;--;--;--;--;--;--;--;
2020-01-12;--;--;--;--;--;--;--;--;--;--;--;--;--;--;--;--;--;--;6.52;127.39;14.61;138.94;20.90;152.00;24.84;166.51;25.97;181.89;24.14;197.15;19.58;211.35;12.81;224.04;4.37;235.27;--;--;--;--;--;--;--;--;--;--;--;--;
2020-01-13;--;--;--;--;--;--;--;--;--;--;--;--;--;--;--;--;--;--;6.59;127.22;14.70;138.77;21.02;151.84;24.99;166.38;26.14;181.80;24.32;197.10;19.77;211.34;13.00;224.06;4.55;235.31;--;--;--;--;--;--;--;--;--;--;--;--;
2020-01-14;--;--;--;--;--;--;--;--;--;--;--;--;--;--;--;--;--;--;6.67;127.04;14.80;138.60;21.15;151.69;25.14;166.25;26.31;181.71;24.51;197.05;19.97;211.33;13.19;224.09;4.74;235.36;--;--;--;--;--;--;--;--;--;--;--;--;
2020-01-15;--;--;--;--;--;--;--;--;--;--;--;--;--;--;--;--;--;--;6.75;126.86;14.91;138.43;21.28;151.53;25.30;166.12;26.50;181.62;24.70;197.01;20.17;211.33;13.39;224.12;4.93;235.41;--;--;--;--;--;--;--;--;--;--;--;--;
2020-01-16;--;--;--;--;--;--;--;--;--;--;--;--;--;--;--;--;--;--;6.84;126.68;15.03;138.26;21.43;151.38;25.47;166.00;26.68;181.53;24.91;196.97;20.37;211.33;13.59;224.15;5.13;235.48;--;--;--;--;--;--;--;--;--;--;--;--;
2020-01-17;--;--;--;--;--;--;--;--;--;--;--;--;--;--;--;--;--;--;6.94;126.49;15.15;138.08;21.57;151.22;25.64;165.87;26.88;181.45;25.11;196.93;20.58;211.34;13.79;224.20;5.33;235.54;--;--;--;--;--;--;--;--;--;--;--;--;
2020-01-18;--;--;--;--;--;--;--;--;--;--;--;--;--;--;--;--;--;--;7.05;126.30;15.28;137.90;21.73;151.06;25.83;165.74;27.08;181.37;25.33;196.90;20.79;211.36;14.00;224.25;5.53;235.62;--;--;--;--;--;--;--;--;--;--;--;--;
2020-01-19;--;--;--;--;--;--;--;--;--;--;--;--;--;--;--;--;--;--;7.16;126.12;15.41;137.73;21.89;150.90;26.01;165.62;27.29;181.29;25.54;196.88;21.01;211.38;14.22;224.30;5.73;235.70;--;--;--;--;--;--;--;--;--;--;--;--;
2020-01-20;--;--;--;--;--;--;--;--;--;--;--;--;--;--;--;--;--;--;7.28;125.92;15.56;137.55;22.06;150.74;26.21;165.49;27.50;181.22;25.77;196.85;21.24;211.40;14.43;224.36;5.94;235.78;--;--;--;--;--;--;--;--;--;--;--;--;
2020-01-21;--;--;--;--;--;--;--;--;--;--;--;--;--;--;--;--;--;--;7.40;125.73;15.70;137.37;22.24;150.59;26.41;165.37;27.72;181.14;26.00;196.84;21.46;211.43;14.65;224.43;6.15;235.88;--;--;--;--;--;--;--;--;--;--;--;--;
2020-01-22;--;--;--;--;--;--;--;--;--;--;--;--;--;--;--;--;--;--;7.53;125.54;15.86;137.19;22.42;150.43;26.62;165.25;27.95;181.07;26.23;196.82;21.70;211.47;14.88;224.50;6.37;235.98;--;--;--;--;--;--;--;--;--;--;--;--;
2020-01-23;--;--;--;--;--;--;--;--;--;--;--;--;--;--;--;--;--;--;7.67;125.34;16.02;137.00;22.61;150.27;26.83;165.13;28.18;181.01;26.47;196.82;21.93;211.51;15.11;224.58;6.58;236.08;--;--;--;--;--;--;--;--;--;--;--;--;
2020-01-24;--;--;--;--;--;--;--;--;--;--;--;--;--;--;--;--;--;--;7.81;125.14;16.19;136.82;22.80;150.11;27.05;165.01;28.42;180.94;26.72;196.81;22.18;211.56;15.34;224.67;6.80;236.19;--;--;--;--;--;--;--;--;--;--;--;--;
2020-01-25;--;--;--;--;--;--;--;--;--;--;--;--;--;--;--;--;--;--;7.96;124.94;16.36;136.63;23.01;149.95;27.28;164.90;28.67;180.88;26.97;196.81;22.42;211.61;15.57;224.76;7.03;236.31;--;--;--;--;--;--;--;--;--;--;--;--;
2020-01-26;--;--;--;--;--;--;--;--;--;--;--;--;--;--;--;--;--;--;8.12;124.74;16.55;136.45;23.21;149.79;27.51;164.78;28.92;180.83;27.22;196.82;22.67;211.67;15.81;224.85;7.25;236.43;--;--;--;--;--;--;--;--;--;--;--;--;
2020-01-27;--;--;--;--;--;--;--;--;--;--;--;--;--;--;--;--;--;--;8.28;124.53;16.73;136.26;23.43;149.63;27.75;164.67;29.17;180.77;27.48;196.83;22.92;211.73;16.05;224.96;7.48;236.56;--;--;--;--;--;--;--;--;--;--;--;--;
2020-01-28;--;--;--;--;--;--;--;--;--;--;--;--;--;--;--;--;--;--;8.45;124.33;16.93;136.07;23.65;149.47;28.00;164.55;29.43;180.72;27.75;196.84;23.18;211.80;16.30;225.07;7.71;236.70;--;--;--;--;--;--;--;--;--;--;--;--;
2020-01-29;--;--;--;--;--;--;--;--;--;--;--;--;--;--;--;--;--;--;8.63;124.12;17.13;135.88;23.87;149.31;28.25;164.44;29.70;180.68;28.01;196.86;23.44;211.88;16.54;225.18;7.94;236.84;--;--;--;--;--;--;--;--;--;--;--;--;
2020-01-30;--;--;--;--;--;--;--;--;--;--;--;--;--;--;--;--;--;--;8.81;123.91;17.33;135.69;24.11;149.15;28.50;164.33;29.97;180.63;28.29;196.89;23.71;211.96;16.79;225.30;8.17;236.99;--;--;--;--;--;--;--;--;--;--;--;--;
2020-01-31;--;--;--;--;--;--;--;--;--;--;--;--;--;--;--;--;-0.75;113.19;8.99;123.70;17.54;135.50;24.35;149.00;28.77;164.22;30.25;180.59;28.57;196.92;23.97;212.05;17.04;225.43;8.40;237.14;--;--;--;--;--;--;--;--;--;--;--;--;
2020-02-01;--;--;--;--;--;--;--;--;--;--;--;--;--;--;--;--;-0.58;112.97;9.19;123.49;17.76;135.31;24.59;148.84;29.03;164.12;30.53;180.55;28.85;196.95;24.25;212.14;17.30;225.57;8.64;237.30;--;--;--;--;--;--;--;--;--;--;--;--;
2020-02-02;--;--;--;--;--;--;--;--;--;--;--;--;--;--;--;--;-0.40;112.74;9.39;123.28;17.98;135.12;24.84;148.68;29.31;164.01;30.82;180.52;29.14;196.99;24.52;212.24;17.55;225.71;8.88;237.47;--;--;--;--;--;--;--;--;--;--;--;--;
2020-02-03;--;--;--;--;--;--;--;--;--;--;--;--;--;--;--;--;-0.22;112.52;9.59;123.07;18.21;134.93;25.10;148.52;29.59;163.91;31.11;180.49;29.43;197.04;24.80;212.35;17.81;225.85;9.12;237.64;-0.73;248.16;--;--;--;--;--;--;--;--;--;--;
2020-02-04;--;--;--;--;--;--;--;--;--;--;--;--;--;--;--;--;-0.03;112.29;9.80;122.86;18.45;134.74;25.36;148.37;29.87;163.81;31.40;180.47;29.72;197.09;25.08;212.46;18.07;226.00;9.36;237.82;-0.51;248.36;--;--;--;--;--;--;--;--;--;--;
2020-02-05;--;--;--;--;--;--;--;--;--;--;--;--;--;--;--;--;0.17;112.06;10.01;122.64;18.69;134.55;25.62;148.21;30.16;163.71;31.71;180.44;30.02;197.14;25.36;212.57;18.33;226.16;9.60;238.00;-0.28;248.56;--;--;--;--;--;--;--;--;--;--;
2020-02-06;--;--;--;--;--;--;--;--;--;--;--;--;--;--;--;--;0.37;111.83;10.23;122.43;18.93;134.35;25.89;148.05;30.46;163.62;32.01;180.42;30.32;197.20;25.65;212.70;18.60;226.32;9.85;238.19;-0.06;248.76;--;--;--;--;--;--;--;--;--;--;
2020-02-07;--;--;--;--;--;--;--;--;--;--;--;--;--;--;--;--;0.57;111.60;10.46;122.21;19.18;134.16;26.17;147.90;30.75;163.52;32.32;180.41;30.63;197.27;25.94;212.83;18.87;226.49;10.09;238.39;0.17;248.98;--;--;--;--;--;--;--;--;--;--;
2020-02-08;--;--;--;--;--;--;--;--;--;--;--;--;--;--;--;--;0.78;111.37;10.69;122.00;19.44;133.97;26.45;147.74;31.06;163.43;32.64;180.40;30.94;197.34;26.23;212.96;19.13;226.67;10.34;238.59;0.40;249.20;--;--;--;--;--;--;--;--;--;--;
2020-02-09;--;--;--;--;--;--;--;--;--;--;--;--;--;--;--;--;1.00;111.13;10.93;121.78;19.70;133.77;26.74;147.59;31.37;163.34;32.96;180.39;31.25;197.41;26.52;213.10;19.40;226.85;10.58;238.79;0.63;249.42;--;--;--;--;--;--;--;--;--;--;
2020-02-10;--;--;--;--;--;--;--;--;--;--;--;--;--;--;--;--;1.22;110.90;11.17;121.56;19.96;133.58;27.03;147.43;31.68;163.25;33.28;180.38;31.56;197.50;26.82;213.25;19.67;227.04;10.83;239.01;0.86;249.65;--;--;--;--;--;--;--;--;--;--;
2020-02-11;--;--;--;--;--;--;--;--;--;--;--;--;--;--;--;--;1.45;110.67;11.41;121.34;20.23;133.38;27.33;147.28;32.00;163.16;33.61;180.38;31.88;197.58;27.11;213.40;19.95;227.23;11.08;239.22;1.09;249.88;--;--;--;--;--;--;--;--;--;--;
2020-02-12;--;--;--;--;--;--;--;--;--;--;--;--;--;--;--;--;1.68;110.43;11.66;121.12;20.51;133.19;27.63;147.13;32.32;163.07;33.94;180.39;32.20;197.67;27.41;213.55;20.22;227.43;11.33;239.45;1.32;250.12;--;--;--;--;--;--;--;--;--;--;
2020-02-13;--;--;--;--;--;--;--;--;--;--;--;--;--;--;--;--;1.92;110.19;11.92;120.90;20.79;132.99;27.94;146.98;32.65;162.99;34.27;180.39;32.53;197.77;27.72;213.72;20.50;227.63;11.58;239.67;1.55;250.36;--;--;--;--;--;--;--;--;--;--;
2020-02-14;--;--;--;--;--;--;--;--;--;--;--;--;--;--;--;--;2.16;109.96;12.18;120.68;21.07;132.80;28.25;146.82;32.98;162.91;34.61;180.40;32.86;197.87;28.02;213.89;20.77;227.84;11.83;239.91;1.78;250.61;--;--;--;--;--;--;--;--;--;--;
2020-02-15;--;--;--;--;--;--;--;--;--;--;--;--;--;--;--;--;2.40;109.72;12.45;120.46;21.36;132.60;28.56;146.67;33.32;162.83;34.95;180.42;33.19;197.98;28.32;214.06;21.05;228.06;12.08;240.14;2.01;250.86;--;--;--;--;--;--;--;--;--;--;
2020-02-16;--;--;--;--;--;--;--;--;--;--;--;--;--;--;--;--;2.65;109.48;12.71;120.24;21.66;132.41;28.88;146.52;33.65;162.75;35.30;180.44;33.52;198.09;28.63;214.24;21.33;228.28;12.33;240.39;2.25;251.12;--;--;--;--;--;--;--;--;--;--;
2020-02-17;--;--;--;--;--;--;--;--;--;--;--;--;--;--;--;--;2.91;109.25;12.99;120.02;21.95;132.21;29.20;146.37;34.00;162.68;35.64;180.46;33.85;198.21;28.94;214.43;21.61;228.51;12.59;240.63;2.48;251.38;--;--;--;--;--;--;--;--;--;--;
2020-02-18;--;--;--;--;--;--;--;--;--;--;--;--;--;--;--;--;3.17;109.01;13.26;119.80;22.25;132.02;29.53;146.22;34.34;162.60;35.99;180.48;34.19;198.33;29.25;214.62;21.88;228.74;12.84;240.89;2.71;251.65;--;--;--;--;--;--;--;--;--;--;
2020-02-19;--;--;--;--;--;--;--;--;--;--;--;--;--;--;--;--;3.43;108.77;13.55;119.58;22.56;131.82;29.86;146.07;34.69;162.53;36.35;180.51;34.53;198.46;29.56;214.82;22.16;228.97;13.09;241.14;2.94;251.92;--;--;--;--;--;--;--;--;--;--;
2020-02-20;--;--;--;--;--;--;--;--;--;--;--;--;--;--;--;--;3.70;108.53;13.83;119.36;22.87;131.62;30.19;145.93;35.05;162.46;36.71;180.55;34.87;198.59;29.87;215.02;22.44;229.22;13.34;241.41;3.17;252.19;--;--;--;--;--;--;--;--;--;--;
2020-02-21;--;--;--;--;--;--;--;--;--;--;--;--;--;--;--;--;3.97;108.29;14.12;119.13;23.18;131.43;30.53;145.78;35.40;162.39;37.07;180.58;35.21;198.73;30.19;215.23;22.73;229.46;13.60;241.67;3.41;252.47;--;--;--;--;--;--;--;--;--;--;
2020-02-22;--;--;--;--;--;--;--;--;--;--;--;--;--;--;--;--;4.24;108.05;14.41;118.91;23.50;131.23;30.87;145.63;35.76;162.33;37.43;180.63;35.56;198.87;30.50;215.44;23.01;229.72;13.85;241.94;3.64;252.75;--;--;--;--;--;--;--;--;--;--;
2020-02-23;--;--;--;--;--;--;--;--;--;--;--;--;--;--;--;--;4.52;107.82;14.71;118.69;23.82;131.03;31.22;145.48;36.13;162.26;37.80;180.67;35.91;199.02;30.82;215.66;23.29;229.97;14.10;242.22;3.87;253.04;--;--;--;--;--;--;--;--;--;--;
2020-02-24;--;--;--;--;--;--;--;--;--;--;--;--;--;--;--;--;4.80;107.58;15.01;118.46;24.14;130.84;31.57;145.34;36.49;162.20;38.16;180.72;36.26;199.17;31.13;215.89;23.57;230.23;14.35;242.50;4.10;253.33;--;--;--;--;--;--;--;--;--;--;
2020-02-25;--;--;--;--;--;--;--;--;--;--;--;--;--;--;--;--;5.09;107.34;15.31;118.24;24.46;130.64;31.92;145.19;36.86;162.14;38.53;180.77;36.61;199.33;31.45;216.12;23.85;230.50;14.60;242.78;4.33;253.62;--;--;--;--;--;--;--;--;--;--;
2020-02-26;--;--;--;--;--;--;--;--;--;--;--;--;--;--;--;--;5.38;107.10;15.62;118.01;24.79;130.44;32.27;145.04;37.24;162.08;38.91;180.83;36.96;199.50;31.76;216.36;24.13;230.77;14.86;243.07;4.56;253.92;--;--;--;--;--;--;--;--;--;--;
2020-02-27;--;--;--;--;--;--;--;--;--;--;--;--;--;--;--;--;5.67;106.86;15.93;117.79;25.13;130.25;32.63;144.90;37.61;162.02;39.28;180.89;37.31;199.67;32.08;216.60;24.41;231.05;15.11;243.36;4.79;254.22;--;--;--;--;--;--;--;--;--;--;
2020-02-28;--;--;--;--;--;--;--;--;--;--;--;--;--;--;--;--;5.96;106.62;16.24;117.57;25.46;130.05;32.99;144.75;37.99;161.97;39.66;180.95;37.66;199.84;32.40;216.84;24.69;231.33;15.36;243.66;5.02;254.52;--;--;--;--;--;--;--;--;--;--;
2020-02-29;--;--;--;--;--;--;--;--;--;--;--;--;--;--;--;--;6.26;106.38;16.55;117.34;25.80;129.85;33.35;144.61;38.37;161.91;40.03;181.02;38.02;200.02;32.72;217.09;24.97;231.62;15.61;243.96;5.25;254.83;--;--;--;--;--;--;--;--;--;--;
2020-03-01;--;--;--;--;--;--;--;--;--;--;--;--;--;--;--;--;6.56;106.14;16.87;117.11;26.14;129.65;33.71;144.46;38.75;161.86;40.42;181.09;38.37;200.20;33.04;217.35;25.25;231.91;15.86;244.26;5.48;255.14;--;--;--;--;--;--;--;--;--;--;
2020-03-02;--;--;--;--;--;--;--;--;--;--;--;--;--;--;--;--;6.86;105.90;17.19;116.89;26.48;129.45;34.08;144.32;39.13;161.81;40.80;181.16;38.73;200.39;33.35;217.61;25.53;232.20;16.11;244.57;5.71;255.45;--;--;--;--;--;--;--;--;--;--;
2020-03-03;--;--;--;--;--;--;--;--;--;--;--;--;--;--;--;--;7.17;105.66;17.51;116.66;26.82;129.25;34.45;144.17;39.52;161.76;41.18;181.24;39.09;200.59;33.67;217.88;25.81;232.50;16.36;244.88;5.94;255.77;--;--;--;--;--;--;--;--;--;--;
2020-03-04;--;--;--;--;--;--;--;--;--;--;--;--;--;--;--;--;7.48;105.42;17.83;116.44;27.17;129.05;34.82;144.03;39.91;161.71;41.56;181.32;39.44;200.79;33.99;218.15;26.09;232.80;16.60;245.19;6.17;256.08;--;--;--;--;--;--;--;--;--;--;
2020-03-05;--;--;--;--;--;--;--;--;--;--;--;--;--;--;--;--;7.79;105.18;18.16;116.21;27.52;128.85;35.19;143.88;40.29;161.67;41.95;181.41;39.80;200.99;34.31;218.43;26.37;233.11;16.85;245.51;6.39;256.40;--;--;--;--;--;--;--;--;--;--;
2020-03-06;--;--;--;--;--;--;--;--;--;--;--;--;--;--;--;--;8.10;104.94;18.49;115.98;27.87;128.65;35.57;143.74;40.69;161.62;42.34;181.50;40.16;201.20;34.62;218.71;26.65;233.42;17.10;245.83;6.62;256.73;--;--;--;--;--;--;--;--;--;--;
2020-03-07;--;--;--;--;--;--;--;--;--;--;--;--;--;--;--;--;8.41;104.70;18.82;115.76;28.22;128.45;35.94;143.60;41.08;161.58;42.73;181.59;40.52;201.41;34.94;218.99;26.92;233.74;17.34;246.15;6.85;257.05;--;--;--;--;--;--;--;--;--;--;
2020-03-08;--;--;--;--;--;--;--;--;--;--;--;--;--;--;--;--;8.73;104.46;19.15;115.53;28.57;128.25;36.32;143.45;41.47;161.54;43.12;181.68;40.88;201.63;35.26;219.28;27.20;234.05;17.59;246.48;7.07;257.38;--;--;--;--;--;--;--;--;--;--;
2020-03-09;--;--;--;--;--;--;--;--;--;--;--;--;--;--;--;--;9.05;104.22;19.48;115.30;28.93;128.05;36.70;143.31;41.87;161.50;43.51;181.78;41.24;201.85;35.57;219.58;27.47;234.38;17.83;246.80;7.30;257.71;--;--;--;--;--;--;--;--;--;--;
2020-03-10;--;--;--;--;--;--;--;--;--;--;--;--;--;--;--;--;9.37;103.98;19.82;115.07;29.28;127.85;37.08;143.16;42.26;161.46;43.90;181.88;41.60;202.08;35.89;219.88;27.75;234.70;18.08;247.14;7.52;258.04;--;--;--;--;--;--;--;--;--;--;
2020-03-11;--;--;--;--;--;--;--;--;--;--;--;--;--;--;--;--;9.69;103.74;20.15;114.84;29.64;127.65;37.46;143.01;42.66;161.42;44.29;181.99;41.96;202.31;36.20;220.18;28.02;235.03;18.32;247.47;7.74;258.38;--;--;--;--;--;--;--;--;--;--;
2020-03-12;--;--;--;--;--;--;--;--;--;--;--;--;--;--;--;--;10.01;103.50;20.49;114.61;30.00;127.44;37.84;142.87;43.06;161.38;44.68;182.10;42.32;202.55;36.52;220.49;28.29;235.36;18.56;247.81;7.97;258.71;--;--;--;--;--;--;--;--;--;--;
2020-03-13;--;--;--;--;--;--;--;--;--;--;--;--;--;--;-0.64;92.99;10.33;103.26;20.83;114.38;30.36;127.24;38.22;142.72;43.46;161.34;45.07;182.21;42.67;202.79;36.83;220.80;28.56;235.70;18.80;248.14;8.19;259.05;--;--;--;--;--;--;--;--;--;--;
2020-03-14;--;--;--;--;--;--;--;--;--;--;--;--;--;--;-0.32;92.75;10.65;103.02;21.16;114.15;30.72;127.03;38.61;142.58;43.86;161.31;45.46;182.32;43.03;203.04;37.14;221.11;28.83;236.04;19.04;248.48;8.41;259.39;--;--;--;--;--;--;--;--;--;--;
2020-03-15;--;--;--;--;--;--;--;--;--;--;--;--;--;--;-0.01;92.51;10.98;102.78;21.50;113.92;31.08;126.83;38.99;142.43;44.26;161.27;45.86;182.44;43.39;203.29;37.45;221.43;29.10;236.38;19.28;248.83;8.63;259.73;--;--;--;--;--;--;--;--;--;--;
2020-03-16;--;--;--;--;--;--;--;--;--;--;--;--;--;--;0.31;92.26;11.30;102.54;21.84;113.69;31.44;126.62;39.38;142.28;44.66;161.24;46.25;182.56;43.75;203.54;37.76;221.76;29.37;236.72;19.51;249.17;8.85;260.07;--;--;--;--;--;--;--;--;--;--;
2020-03-17;--;--;--;--;--;--;--;--;--;--;--;--;--;--;0.63;92.02;11.63;102.29;22.18;113.46;31.80;126.41;39.76;142.13;45.06;161.20;46.64;182.69;44.10;203.80;38.07;222.08;29.64;237.07;19.75;249.52;9.07;260.41;--;--;--;--;--;--;--;--;--;--;
2020-03-18;--;--;--;--;--;--;--;--;--;--;--;--;--;--;0.95;91.77;11.96;102.05;22.52;113.23;32.16;126.20;40.15;141.98;45.46;161.17;47.03;182.81;44.46;204.06;38.38;222.41;29.90;237.42;19.98;249.86;9.28;260.75;--;--;--;--;--;--;--;--;--;--;
2020-03-19;--;--;--;--;--;--;--;--;--;--;--;--;--;--;1.27;91.53;12.28;101.81;22.86;112.99;32.52;125.99;40.53;141.83;45.86;161.14;47.43;182.94;44.81;204.33;38.68;222.75;30.16;237.77;20.22;250.21;9.50;261.09;--;--;--;--;--;--;--;--;--;--;
2020-03-20;--;--;--;--;--;--;--;--;--;--;--;--;--;--;1.59;91.29;12.61;101.57;23.20;112.76;32.88;125.78;40.92;141.68;46.27;161.10;47.82;183.08;45.17;204.60;38.99;223.09;30.42;238.12;20.45;250.56;9.72;261.44;--;--;--;--;--;--;--;--;--;--;
2020-03-21;--;--;--;--;--;--;--;--;--;--;--;--;--;--;1.92;91.05;12.93;101.33;23.54;112.53;33.24;125.57;41.30;141.53;46.67;161.07;48.21;183.21;45.52;204.88;39.29;223.43;30.69;238.48;20.68;250.91;9.93;261.78;--;--;--;--;--;--;--;--;--;--;
2020-03-22;--;--;--;--;--;--;--;--;--;--;--;--;--;--;2.24;90.81;13.26;101.09;23.88;112.29;33.60;125.36;41.69;141.37;47.07;161.04;48.60;183.35;45.87;205.15;39.59;223.77;30.94;238.83;20.91;251.26;10.14;262.13;--;--;--;--;--;--;--;--;--;--;
2020-03-23;--;--;--;--;--;--;--;--;--;--;--;--;--;--;2.56;90.57;13.59;100.85;24.22;112.06;33.96;125.14;42.07;141.22;47.47;161.01;48.99;183.49;46.22;205.44;39.89;224.12;31.20;239.19;21.14;251.62;10.36;262.47;-0.69;272.67;--;--;--;--;--;--;--;--;
2020-03-24;--;--;--;--;--;--;--;--;--;--;--;--;--;--;2.88;90.33;13.91;100.61;24.56;111.82;34.32;124.93;42.46;141.06;47.87;160.97;49.38;183.63;46.57;205.72;40.19;224.47;31.46;239.55;21.37;251.97;10.57;262.82;-0.48;273.01;--;--;--;--;--;--;--;--;
2020-03-25;--;--;--;--;--;--;--;--;--;--;--;--;--;--;3.20;90.08;14.24;100.37;24.89;111.58;34.68;124.71;42.84;140.90;48.27;160.94;49.77;183.78;46.92;206.01;40.48;224.82;31.71;239.92;21.59;252.33;10.78;263.16;-0.27;273.35;--;--;--;--;--;--;--;--;
2020-03-26;--;--;--;--;--;--;--;--;--;--;--;--;--;--;3.52;89.85;14.56;100.13;25.23;111.35;35.04;124.49;43.22;140.74;48.67;160.91;50.16;183.93;47.26;206.30;40.78;225.17;31.96;240.28;21.82;252.68;10.99;263.51;-0.07;273.69;--;--;--;--;--;--;--;--;
2020-03-27;--;--;--;--;--;--;--;--;--;--;--;--;--;--;3.84;89.61;14.88;99.89;25.57;111.11;35.39;124.27;43.60;140.58;49.07;160.88;50.55;184.07;47.61;206.60;41.07;225.53;32.21;240.65;22.04;253.04;11.20;263.85;0.14;274.03;--;--;--;--;--;--;--;--;
2020-03-28;--;--;--;--;--;--;--;--;--;--;--;--;--;--;4.16;89.37;15.20;99.64;25.90;110.87;35.75;124.05;43.98;140.42;49.46;160.84;50.93;184.23;47.95;206.90;41.36;225.89;32.46;241.01;22.26;253.39;11.41;264.20;0.35;274.37;--;--;--;--;--;--;--;--;
2020-03-29;--;--;--;--;--;--;--;--;--;--;--;--;--;--;4.47;89.13;15.53;99.40;26.23;110.63;36.10;123.83;44.36;140.25;49.86;160.81;51.32;184.38;48.29;207.20;41.65;226.25;32.71;241.38;22.48;253.75;11.62;264.54;0.56;274.70;--;--;--;--;--;--;--;--;
2020-03-30;--;--;--;--;--;--;--;--;--;--;--;--;--;--;4.79;88.89;15.85;99.16;26.56;110.39;36.45;123.61;44.74;140.09;50.25;160.78;51.70;184.54;48.63;207.50;41.94;226.62;32.96;241.75;22.70;254.10;11.82;264.89;0.76;275.04;--;--;--;--;--;--;--;--;
2020-03-31;--;--;--;--;--;--;--;--;--;--;--;--;--;--;5.10;88.65;16.16;98.92;26.89;110.15;36.80;123.38;45.11;139.92;50.65;160.74;52.08;184.69;48.97;207.81;42.22;226.98;33.20;242.12;22.92;254.46;12.03;265.23;0.97;275.37;--;--;--;--;--;--;--;--;
2020-04-01;--;--;--;--;--;--;--;--;--;--;--;--;--;--;5.42;88.42;16.48;98.68;27.22;109.90;37.15;123.16;45.49;139.75;51.04;160.70;52.46;184.85;49.30;208.12;42.51;227.35;33.44;242.49;23.14;254.82;12.24;265.57;1.17;275.71;--;--;--;--;--;--;--;--;
2020-04-02;--;--;--;--;--;--;--;--;--;--;--;--;--;--;5.73;88.18;16.79;98.44;27.55;109.66;37.50;122.93;45.86;139.58;51.43;160.67;52.84;185.01;49.64;208.44;42.79;227.72;33.68;242.86;23.35;255.17;12.44;265.91;1.38;276.04;--;--;--;--;--;--;--;--;
2020-04-03;--;--;--;--;--;--;--;--;--;--;--;--;--;--;6.04;87.94;17.11;98.19;27.87;109.42;37.84;122.70;46.23;139.41;51.82;160.63;53.21;185.18;49.97;208.75;43.07;228.09;33.92;243.23;23.56;255.52;12.64;266.25;1.58;276.37;--;--;--;--;--;--;--;--;
2020-04-04;--;--;--;--;--;--;--;--;--;--;--;--;--;--;6.35;87.71;17.42;97.95;28.20;109.17;38.18;122.47;46.60;139.23;52.20;160.59;53.59;185.34;50.30;209.07;43.34;228.46;34.16;243.59;23.78;255.88;12.84;266.59;1.79;276.70;--;--;--;--;--;--;--;--;
2020-04-05;--;--;--;--;--;--;--;--;--;--;--;--;--;--;6.66;87.47;17.73;97.71;28.52;108.93;38.52;122.23;46.96;139.05;52.59;160.55;53.96;185.50;50.63;209.39;43.62;228.83;34.39;243.96;23.99;256.23;13.05;266.93;1.99;277.03;--;--;--;--;--;--;--;--;
2020-04-06;--;--;--;--;--;--;--;--;--;--;--;--;--;--;6.96;87.24;18.04;97.47;28.83;108.68;38.86;122.00;47.33;138.87;52.97;160.51;54.33;185.67;50.95;209.71;43.89;229.21;34.63;244.33;24.20;256.58;13.25;267.26;2.19;277.35;--;--;--;--;--;--;--;--;
2020-04-07;--;--;--;--;--;--;--;--;--;--;--;--;--;--;7.27;87.00;18.34;97.22;29.15;108.44;39.20;121.76;47.69;138.69;53.35;160.46;54.70;185.84;51.27;210.04;44.16;229.58;34.86;244.70;24.41;256.93;13.44;267.60;2.39;277.68;--;--;--;--;--;--;--;--;
2020-04-08;--;--;--;--;--;--;--;--;--;--;--;--;--;--;7.57;86.77;18.64;96.98;29.46;108.19;39.53;121.52;48.05;138.50;53.73;160.42;55.07;186.01;51.59;210.36;44.43;229.95;35.09;245.07;24.61;257.28;13.64;267.93;2.60;278.00;--;--;--;--;--;--;--;--;
2020-04-09;--;--;--;--;--;--;--;--;--;--;--;--;--;--;7.86;86.53;18.94;96.74;29.77;107.94;39.86;121.28;48.40;138.31;54.11;160.37;55.43;186.17;51.91;210.69;44.70;230.33;35.31;245.44;24.82;257.63;13.84;268.26;2.80;278.32;--;--;--;--;--;--;--;--;
2020-04-10;--;--;--;--;--;--;--;--;--;--;--;--;--;--;8.16;86.30;19.24;96.50;30.08;107.69;40.18;121.04;48.75;138.12;54.48;160.32;55.80;186.34;52.23;211.02;44.96;230.70;35.54;245.80;25.02;257.97;14.04;268.59;3.00;278.63;--;--;--;--;--;--;--;--;
2020-04-11;--;--;--;--;--;--;--;--;--;--;--;--;--;--;8.45;86.07;19.53;96.25;30.38;107.44;40.51;120.80;49.10;137.93;54.85;160.27;56.16;186.51;52.54;211.35;45.22;231.08;35.76;246.17;25.22;258.32;14.23;268.91;3.20;278.95;--;--;--;--;--;--;--;--;
2020-04-12;--;--;--;--;--;--;--;--;--;--;--;--;--;--;8.74;85.84;19.82;96.01;30.68;107.19;40.83;120.56;49.45;137.73;55.22;160.22;56.51;186.68;52.85;211.68;45.48;231.45;35.98;246.53;25.43;258.66;14.42;269.24;3.39;279.26;--;--;--;--;--;--;--;--;
2020-04-13;--;--;--;--;--;--;--;--;--;--;--;--;--;--;9.03;85.60;20.11;95.77;30.98;106.94;41.14;120.31;49.79;137.53;55.58;160.16;56.87;186.85;53.16;212.01;45.73;231.83;36.20;246.90;25.62;259.00;14.62;269.56;3.59;279.57;--;--;--;--;--;--;--;--;
2020-04-14;--;--;--;--;--;--;--;--;--;--;--;--;--;--;9.32;85.37;20.40;95.53;31.27;106.69;41.45;120.06;50.13;137.33;55.95;160.10;57.22;187.03;53.46;212.34;45.99;232.20;36.42;247.26;25.82;259.34;14.81;269.88;3.79;279.87;--;--;--;--;--;--;--;--;
2020-04-15;--;--;--;--;--;--;--;--;--;--;--;--;--;--;9.60;85.14;20.68;95.28;31.56;106.44;41.76;119.81;50.47;137.13;56.31;160.04;57.57;187.20;53.76;212.67;46.24;232.58;36.64;247.62;26.02;259.67;15.00;270.19;3.98;280.18;--;--;--;--;--;--;--;--;
2020-04-16;--;--;--;--;--;--;--;--;--;--;--;--;--;--;9.87;84.91;20.96;95.04;31.85;106.18;42.07;119.56;50.80;136.92;56.66;159.98;57.92;187.37;54.06;213.01;46.49;232.95;36.85;247.98;26.22;260.01;15.19;270.51;4.18;280.48;--;--;--;--;--;--;--;--;
2020-04-17;--;--;--;--;--;--;--;--;--;--;--;--;-0.75;74.72;10.15;84.68;21.23;94.80;32.13;105.93;42.37;119.31;51.13;136.71;57.02;159.91;58.26;187.54;54.36;213.34;46.73;233.32;37.06;248.33;26.41;260.34;15.38;270.82;4.37;280.77;--;--;--;--;--;--;--;--;
2020-04-18;--;--;--;--;--;--;--;--;--;--;--;--;-0.47;74.50;10.42;84.46;21.50;94.56;32.41;105.68;42.67;119.05;51.46;136.50;57.37;159.84;58.60;187.70;54.65;213.67;46.98;233.69;37.27;248.69;26.60;260.67;15.57;271.13;4.57;281.07;--;--;--;--;--;--;--;--;
2020-04-19;--;--;--;--;--;--;--;--;--;--;--;--;-0.20;74.29;10.69;84.23;21.77;94.32;32.69;105.42;42.96;118.80;51.78;136.28;57.71;159.77;58.94;187.87;54.94;214.01;47.22;234.06;37.48;249.04;26.79;260.99;15.76;271.43;4.76;281.36;--;--;--;--;--;--;--;--;
2020-04-20;--;--;--;--;--;--;--;--;--;--;--;--;0.07;74.08;10.95;84.00;22.03;94.07;32.96;105.17;43.25;118.54;52.10;136.06;58.05;159.69;59.27;188.04;55.23;214.34;47.46;234.43;37.69;249.39;26.98;261.32;15.94;271.73;4.95;281.64;--;--;--;--;--;--;--;--;
2020-04-21;--;--;--;--;--;--;--;--;--;--;--;--;0.34;73.86;11.21;83.77;22.29;93.83;33.23;104.91;43.54;118.28;52.41;135.84;58.39;159.61;59.60;188.21;55.52;214.67;47.69;234.79;37.89;249.73;27.17;261.63;16.13;272.03;5.15;281.93;--;--;--;--;--;--;--;--;
2020-04-22;--;--;--;--;--;--;--;--;--;--;--;--;0.61;73.65;11.47;83.55;22.55;93.59;33.49;104.66;43.82;118.02;52.72;135.61;58.73;159.53;59.93;188.37;55.80;215.00;47.93;235.15;38.09;250.07;27.36;261.95;16.31;272.32;5.34;282.21;--;--;--;--;--;--;--;--;
2020-04-23;--;--;--;--;--;--;--;--;--;--;--;--;0.87;73.44;11.72;83.32;22.80;93.35;33.75;104.40;44.10;117.76;53.03;135.38;59.06;159.44;60.25;188.53;56.08;215.33;48.16;235.52;38.29;250.41;27.54;262.26;16.49;272.62;5.52;282.48;--;--;--;--;--;--;--;--;
2020-04-24;--;--;--;--;--;--;--;--;--;--;--;--;1.13;73.23;11.97;83.10;23.05;93.11;34.00;104.15;44.37;117.49;53.33;135.15;59.39;159.35;60.57;188.70;56.35;215.66;48.39;235.87;38.49;250.75;27.73;262.57;16.67;272.90;5.71;282.75;--;--;--;--;--;--;--;--;
2020-04-25;--;--;--;--;--;--;--;--;--;--;--;--;1.38;73.03;12.22;82.88;23.29;92.88;34.25;103.89;44.64;117.23;53.62;134.92;59.71;159.26;60.89;188.86;56.62;215.99;48.61;236.23;38.69;251.08;27.91;262.88;16.85;273.19;5.90;283.02;--;--;--;--;--;--;--;--;
2020-04-26;--;--;--;--;--;--;--;--;--;--;--;--;1.63;72.82;12.46;82.66;23.53;92.64;34.50;103.64;44.90;116.96;53.92;134.68;60.03;159.16;61.20;189.01;56.89;216.31;48.84;236.58;38.88;251.41;28.09;263.18;17.03;273.47;6.09;283.29;--;--;--;--;--;--;--;--;
2020-04-27;--;--;--;--;--;--;--;--;--;--;--;--;1.88;72.61;12.70;82.44;23.76;92.40;34.74;103.38;45.16;116.70;54.20;134.44;60.35;159.06;61.51;189.17;57.16;216.64;49.06;236.93;39.07;251.74;28.27;263.48;17.21;273.74;6.27;283.54;--;--;--;--;--;--;--;--;
2020-04-28;--;--;--;--;--;--;--;--;--;--;--;--;2.12;72.41;12.93;82.22;23.99;92.16;34.98;103.13;45.41;116.43;54.48;134.20;60.66;158.95;61.82;189.32;57.42;216.96;49.28;237.28;39.26;252.06;28.45;263.77;17.39;274.01;6.46;283.80;--;--;--;--;--;--;--;--;
2020-04-29;--;--;--;--;--;--;--;--;--;--;--;--;2.35;72.21;13.16;82.00;24.22;91.93;35.21;102.87;45.66;116.16;54.76;133.95;60.96;158.84;62.12;189.47;57.68;217.28;49.49;237.62;39.45;252.38;28.62;264.06;17.56;274.28;6.64;284.05;--;--;--;--;--;--;--;--;
2020-04-30;--;--;--;--;--;--;--;--;--;--;--;--;2.59;72.00;13.38;81.78;24.44;91.69;35.43;102.62;45.90;115.89;55.03;133.70;61.26;158.73;62.42;189.62;57.93;217.59;49.70;237.96;39.64;252.70;28.80;264.35;17.73;274.55;6.82;284.30;--;--;--;--;--;--;--;--;
2020-05-01;--;--;--;--;--;--;--;--;--;--;--;--;2.81;71.80;13.60;81.57;24.66;91.46;35.65;102.37;46.14;115.62;55.30;133.45;61.56;158.61;62.72;189.77;58.19;217.91;49.91;238.30;39.82;253.01;28.97;264.63;17.91;274.80;7.00;284.54;--;--;--;--;--;--;--;--;
2020-05-02;--;--;--;--;--;--;--;--;--;--;--;--;3.04;71.61;13.81;81.35;24.87;91.23;35.87;102.11;46.37;115.35;55.56;133.20;61.85;158.49;63.01;189.91;58.44;218.22;50.12;238.63;40.00;253.31;29.14;264.91;18.08;275.06;7.18;284.78;--;--;--;--;--;--;--;--;
2020-05-03;--;--;--;--;--;--;--;--;--;--;--;--;3.26;71.41;14.02;81.14;25.07;91.00;36.08;101.86;46.60;115.08;55.81;132.94;62.14;158.36;63.29;190.05;58.68;218.52;50.32;238.96;40.18;253.61;29.31;265.18;18.25;275.31;7.36;285.01;--;--;--;--;--;--;--;--;
2020-05-04;--;--;--;--;--;--;--;--;--;--;--;--;3.47;71.21;14.23;80.93;25.27;90.77;36.29;101.61;46.82;114.81;56.06;132.69;62.42;158.23;63.58;190.18;58.92;218.83;50.53;239.28;40.36;253.91;29.48;265.45;18.42;275.55;7.53;285.24;--;--;--;--;--;--;--;--;
2020-05-05;--;--;--;--;--;--;--;--;--;--;--;--;3.68;71.02;14.43;80.72;25.47;90.54;36.49;101.36;47.04;114.54;56.31;132.43;62.70;158.09;63.85;190.31;59.16;219.12;50.73;239.60;40.54;254.20;29.64;265.71;18.58;275.80;7.71;285.47;--;--;--;--;--;--;--;--;
2020-05-06;--;--;--;--;--;--;--;--;--;--;--;--;3.89;70.83;14.62;80.51;25.66;90.31;36.69;101.11;47.25;114.27;56.55;132.16;62.97;157.95;64.13;190.44;59.40;219.42;50.92;239.91;40.71;254.49;29.81;265.97;18.75;276.03;7.88;285.68;--;--;--;--;--;--;--;--;
2020-05-07;--;--;--;--;--;--;--;--;--;--;--;--;4.08;70.64;14.81;80.30;25.85;90.09;36.88;100.86;47.45;114.00;56.78;131.90;63.24;157.81;64.40;190.56;59.63;219.71;51.12;240.22;40.88;254.77;29.97;266.22;18.91;276.26;8.05;285.90;--;--;--;--;--;--;--;--;
2020-05-08;--;--;--;--;--;--;--;--;--;--;--;--;4.28;70.45;15.00;80.10;26.03;89.86;37.06;100.62;47.65;113.73;57.01;131.63;63.50;157.66;64.66;190.68;59.85;219.99;51.31;240.52;41.05;255.05;30.13;266.47;19.07;276.49;8.22;286.11;--;--;--;--;--;--;--;--;
2020-05-09;--;--;--;--;--;--;--;--;--;--;--;--;4.47;70.26;15.17;79.90;26.21;89.64;37.24;100.37;47.85;113.46;57.23;131.37;63.75;157.51;64.92;190.79;60.08;220.28;51.49;240.82;41.22;255.32;30.29;266.72;19.23;276.71;8.39;286.31;--;--;--;--;--;--;--;--;
2020-05-10;--;--;--;--;--;--;--;--;--;--;--;--;4.65;70.08;15.35;79.70;26.38;89.42;37.42;100.13;48.03;113.20;57.44;131.10;64.00;157.35;65.18;190.90;60.30;220.55;51.68;241.11;41.39;255.58;30.45;266.95;19.39;276.93;8.56;286.51;--;--;--;--;--;--;--;--;
2020-05-11;--;--;--;--;--;--;--;--;--;--;--;--;4.83;69.89;15.52;79.50;26.54;89.21;37.58;99.89;48.22;112.93;57.65;130.83;64.25;157.18;65.43;191.00;60.51;220.82;51.86;241.40;41.55;255.84;30.61;267.18;19.55;277.14;8.73;286.71;--;--;--;--;--;--;--;--;
2020-05-12;--;--;--;--;--;--;--;--;--;--;--;--;5.01;69.71;15.68;79.30;26.70;88.99;37.75;99.65;48.39;112.66;57.86;130.56;64.49;157.02;65.67;191.10;60.73;221.09;52.04;241.67;41.71;256.10;30.76;267.41;19.71;277.34;8.89;286.89;--;--;--;--;--;--;--;--;
2020-05-13;--;--;--;--;--;--;--;--;--;--;--;--;5.18;69.53;15.84;79.11;26.86;88.78;37.91;99.41;48.56;112.40;58.05;130.28;64.72;156.85;65.91;191.19;60.94;221.34;52.22;241.95;41.87;256.34;30.91;267.63;19.86;277.54;9.05;287.08;--;--;--;--;--;--;--;--;
2020-05-14;--;--;--;--;--;--;--;--;--;--;--;--;5.34;69.36;16.00;78.91;27.01;88.57;38.06;99.18;48.73;112.14;58.25;130.01;64.95;156.67;66.15;191.28;61.14;221.60;52.39;242.22;42.02;256.59;31.06;267.85;20.01;277.74;9.21;287.26;--;--;--;--;--;--;--;--;
2020-05-15;--;--;--;--;--;--;--;--;--;--;--;--;5.50;69.18;16.15;78.73;27.15;88.36;38.20;98.94;48.89;111.88;58.43;129.74;65.17;156.49;66.38;191.36;61.34;221.84;52.56;242.48;42.18;256.82;31.21;268.06;20.16;277.92;9.37;287.43;--;--;--;--;--;--;--;--;
2020-05-16;--;--;--;--;--;--;--;--;--;--;--;--;5.65;69.01;16.29;78.54;27.29;88.15;38.35;98.71;49.04;111.62;58.61;129.47;65.38;156.31;66.61;191.43;61.54;222.08;52.73;242.73;42.33;257.05;31.36;268.26;20.31;278.11;9.52;287.60;-0.70;297.41;--;--;--;--;--;--;
2020-05-17;--;--;--;--;--;--;--;--;--;--;--;--;5.80;68.84;16.43;78.35;27.42;87.95;38.48;98.49;49.19;111.36;58.78;129.19;65.59;156.12;66.83;191.50;61.73;222.31;52.89;242.98;42.48;257.27;31.50;268.46;20.46;278.29;9.68;287.76;-0.54;297.56;--;--;--;--;--;--;
2020-05-18;--;--;--;--;--;--;--;--;--;--;--;--;5.94;68.67;16.56;78.17;27.55;87.75;38.61;98.26;49.33;111.11;58.95;128.92;65.80;155.93;67.04;191.56;61.92;222.54;53.06;243.22;42.63;257.49;31.64;268.65;20.60;278.46;9.83;287.91;-0.37;297.70;--;--;--;--;--;--;
2020-05-19;--;--;--;--;--;--;--;--;--;--;--;--;6.08;68.51;16.69;77.99;27.67;87.56;38.74;98.04;49.47;110.85;59.11;128.65;65.99;155.73;67.26;191.62;62.11;222.76;53.22;243.45;42.77;257.70;31.78;268.84;20.74;278.62;9.98;288.07;-0.21;297.84;--;--;--;--;--;--;
2020-05-20;--;--;--;--;--;--;--;--;--;--;--;--;6.21;68.35;16.81;77.82;27.79;87.36;38.85;97.82;49.59;110.60;59.26;128.38;66.18;155.53;67.46;191.66;62.29;222.97;53.37;243.67;42.91;257.90;31.92;269.01;20.88;278.78;10.12;288.21;-0.06;297.97;--;--;--;--;--;--;
2020-05-21;--;--;--;--;--;--;--;--;--;--;--;--;6.34;68.19;16.93;77.65;27.90;87.17;38.97;97.61;49.72;110.36;59.41;128.11;66.37;155.33;67.66;191.70;62.47;223.17;53.52;243.89;43.05;258.10;32.06;269.19;21.02;278.94;10.27;288.35;0.10;298.10;--;--;--;--;--;--;
2020-05-22;--;--;--;--;--;--;--;--;--;--;--;--;6.46;68.03;17.04;77.48;28.01;86.98;39.08;97.40;49.84;110.12;59.55;127.85;66.54;155.13;67.86;191.74;62.64;223.36;53.67;244.10;43.19;258.28;32.19;269.35;21.16;279.09;10.41;288.48;0.25;298.22;--;--;--;--;--;--;
2020-05-23;--;--;--;--;--;--;--;--;--;--;--;--;6.57;67.88;17.14;77.31;28.11;86.80;39.18;97.19;49.95;109.88;59.69;127.58;66.71;154.92;68.05;191.77;62.81;223.55;53.82;244.30;43.33;258.47;32.32;269.51;21.29;279.23;10.55;288.61;0.40;298.33;--;--;--;--;--;--;
2020-05-24;--;--;--;--;--;--;--;--;--;--;--;--;6.68;67.73;17.24;77.15;28.21;86.62;39.27;96.99;50.05;109.64;59.82;127.32;66.88;154.71;68.23;191.79;62.97;223.72;53.96;244.50;43.46;258.64;32.45;269.67;21.42;279.37;10.69;288.73;0.54;298.44;--;--;--;--;--;--;
2020-05-25;--;--;--;--;--;--;--;--;--;--;--;--;6.79;67.58;17.34;76.99;28.30;86.45;39.36;96.79;50.15;109.41;59.94;127.06;67.04;154.50;68.41;191.80;63.14;223.89;54.11;244.68;43.59;258.81;32.58;269.81;21.55;279.50;10.82;288.85;0.69;298.54;--;--;--;--;--;--;
2020-05-26;--;--;--;--;--;--;--;--;--;--;--;--;6.88;67.43;17.43;76.83;28.38;86.27;39.45;96.59;50.25;109.18;60.05;126.80;67.19;154.29;68.58;191.80;63.29;224.05;54.24;244.86;43.72;258.97;32.70;269.95;21.68;279.62;10.95;288.96;0.83;298.64;--;--;--;--;--;--;
2020-05-27;--;--;--;--;--;--;--;--;--;--;--;--;6.98;67.29;17.51;76.68;28.46;86.11;39.53;96.40;50.34;108.96;60.16;126.55;67.33;154.07;68.75;191.80;63.44;224.20;54.38;245.03;43.84;259.12;32.82;270.09;21.80;279.74;11.08;289.07;0.96;298.74;--;--;--;--;--;--;
2020-05-28;--;--;--;--;--;--;--;--;--;--;--;--;7.06;67.15;17.59;76.53;28.53;85.94;39.60;96.21;50.42;108.74;60.27;126.30;67.47;153.86;68.91;191.79;63.59;224.34;54.51;245.19;43.96;259.26;32.94;270.22;21.92;279.85;11.21;289.17;1.09;298.82;--;--;--;--;--;--;
2020-05-29;--;--;--;--;--;--;--;--;--;--;--;--;7.15;67.02;17.66;76.39;28.60;85.78;39.67;96.03;50.50;108.53;60.36;126.06;67.60;153.64;69.06;191.77;63.73;224.47;54.63;245.34;44.08;259.40;33.06;270.34;22.04;279.96;11.33;289.26;1.22;298.90;--;--;--;--;--;--;
2020-05-30;--;--;--;--;--;--;--;--;--;--;--;--;7.22;66.89;17.73;76.24;28.67;85.63;39.74;95.86;50.57;108.32;60.45;125.81;67.73;153.42;69.21;191.75;63.87;224.60;54.76;245.48;44.20;259.53;33.17;270.45;22.16;280.06;11.45;289.35;1.35;298.98;--;--;--;--;--;--;
2020-05-31;--;--;--;--;--;--;--;--;--;--;--;--;7.29;66.76;17.79;76.11;28.72;85.48;39.80;95.68;50.63;108.12;60.54;125.58;67.85;153.21;69.35;191.72;64.01;224.71;54.88;245.61;44.31;259.65;33.28;270.56;22.27;280.15;11.57;289.43;1.47;299.05;--;--;--;--;--;--;
2020-06-01;--;--;--;--;--;--;--;--;--;--;--;--;7.36;66.64;17.85;75.97;28.78;85.33;39.85;95.52;50.69;107.93;60.62;125.35;67.96;152.99;69.49;191.68;64.14;224.81;55.00;245.74;44.42;259.76;33.39;270.65;22.38;280.24;11.68;289.51;1.59;299.12;--;--;--;--;--;--;
2020-06-02;--;--;--;--;--;--;--;--;--;--;--;--;7.42;66.52;17.90;75.85;28.83;85.19;39.90;95.36;50.75;107.74;60.69;125.12;68.06;152.77;69.62;191.63;64.26;224.90;55.11;245.85;44.53;259.87;33.50;270.75;22.48;280.32;11.79;289.58;1.71;299.18;--;--;--;--;--;--;
2020-06-03;--;--;--;--;--;--;--;--;--;--;--;--;7.47;66.40;17.95;75.72;28.87;85.05;39.94;95.20;50.80;107.55;60.75;124.90;68.16;152.56;69.75;191.57;64.38;224.98;55.22;245.96;44.63;259.97;33.60;270.83;22.59;280.39;11.90;289.64;1.82;299.23;--;--;--;--;--;--;
2020-06-04;--;--;--;--;--;--;--;--;--;--;--;--;7.52;66.29;17.99;75.60;28.91;84.92;39.98;95.05;50.84;107.37;60.81;124.68;68.25;152.35;69.86;191.51;64.50;225.05;55.33;246.05;44.73;260.06;33.70;270.91;22.69;280.46;12.00;289.70;1.93;299.28;--;--;--;--;--;--;
2020-06-05;--;--;--;--;--;--;--;--;--;--;--;--;7.57;66.18;18.03;75.49;28.94;84.79;40.01;94.91;50.88;107.20;60.87;124.47;68.33;152.13;69.98;191.44;64.61;225.12;55.43;246.14;44.83;260.14;33.80;270.98;22.79;280.53;12.10;289.75;2.03;299.32;--;--;--;--;--;--;
2020-06-06;--;--;--;--;--;--;--;--;--;--;--;--;7.61;66.08;18.06;75.37;28.97;84.67;40.04;94.77;50.91;107.03;60.91;124.27;68.41;151.93;70.08;191.37;64.72;225.17;55.53;246.22;44.92;260.21;33.89;271.05;22.88;280.58;12.20;289.80;2.13;299.36;--;--;--;--;--;--;
2020-06-07;--;--;--;--;--;--;--;--;--;--;--;--;7.64;65.98;18.09;75.27;28.99;84.55;40.06;94.63;50.94;106.88;60.96;124.08;68.48;151.72;70.18;191.28;64.82;225.21;55.62;246.29;45.02;260.28;33.98;271.11;22.97;280.63;12.29;289.84;2.23;299.39;--;--;--;--;--;--;
2020-06-08;--;--;--;--;--;--;--;--;--;--;--;--;7.67;65.88;18.11;75.17;29.01;84.44;40.08;94.51;50.96;106.72;60.99;123.89;68.54;151.52;70.27;191.19;64.91;225.24;55.71;246.34;45.10;260.33;34.07;271.16;23.06;280.67;12.38;289.88;2.32;299.42;--;--;--;--;--;--;
2020-06-09;--;--;--;--;--;--;--;--;--;--;--;--;7.69;65.79;18.13;75.07;29.02;84.34;40.09;94.39;50.98;106.58;61.02;123.71;68.60;151.32;70.36;191.10;65.01;225.25;55.80;246.39;45.19;260.38;34.15;271.20;23.14;280.71;12.47;289.91;2.41;299.44;--;--;--;--;--;--;
2020-06-10;--;--;--;--;--;--;--;--;--;--;--;--;7.71;65.70;18.14;74.98;29.03;84.24;40.10;94.27;50.99;106.44;61.05;123.54;68.65;151.12;70.44;190.99;65.09;225.26;55.88;246.43;45.27;260.43;34.23;271.24;23.23;280.74;12.55;289.93;2.49;299.46;--;--;--;--;--;--;
2020-06-11;--;--;--;--;--;--;--;--;--;--;--;--;7.72;65.62;18.14;74.89;29.03;84.14;40.10;94.17;50.99;106.31;61.06;123.37;68.69;150.93;70.51;190.88;65.17;225.26;55.96;246.46;45.35;260.46;34.31;271.27;23.30;280.77;12.63;289.95;2.57;299.47;--;--;--;--;--;--;
2020-06-12;--;--;--;--;--;--;--;--;--;--;--;--;7.73;65.54;18.15;74.81;29.03;84.06;40.10;94.06;51.00;106.19;61.08;123.21;68.73;150.75;70.58;190.77;65.25;225.25;56.04;246.48;45.42;260.48;34.38;271.29;23.38;280.78;12.70;289.96;2.65;299.48;--;--;--;--;--;--;
2020-06-13;--;--;--;--;--;--;--;--;--;--;--;--;7.73;65.47;18.14;74.73;29.02;83.97;40.09;93.97;50.99;106.07;61.08;123.07;68.76;150.57;70.64;190.65;65.32;225.22;56.11;246.49;45.49;260.50;34.45;271.30;23.45;280.80;12.77;289.97;2.72;299.48;--;--;--;--;--;--;
2020-06-14;--;--;--;--;--;--;--;--;--;--;--;--;7.73;65.40;18.13;74.66;29.01;83.90;40.08;93.88;50.98;105.97;61.08;122.93;68.78;150.39;70.69;190.53;65.39;225.19;56.18;246.49;45.56;260.51;34.52;271.31;23.51;280.80;12.84;289.97;2.78;299.47;--;--;--;--;--;--;
2020-06-15;--;--;--;--;--;--;--;--;--;--;--;--;7.72;65.33;18.12;74.60;29.00;83.83;40.06;93.80;50.97;105.87;61.08;122.80;68.80;150.22;70.74;190.40;65.45;225.15;56.24;246.48;45.62;260.51;34.58;271.31;23.57;280.80;12.90;289.97;2.84;299.46;--;--;--;--;--;--;
2020-06-16;--;--;--;--;--;--;--;--;--;--;--;--;7.71;65.27;18.11;74.54;28.98;83.76;40.04;93.73;50.95;105.78;61.07;122.68;68.81;150.06;70.77;190.26;65.50;225.09;56.30;246.47;45.68;260.50;34.64;271.31;23.63;280.79;12.96;289.96;2.90;299.45;--;--;--;--;--;--;
2020-06-17;--;--;--;--;--;--;--;--;--;--;--;--;7.69;65.22;18.08;74.48;28.95;83.70;40.02;93.66;50.93;105.70;61.06;122.56;68.81;149.91;70.81;190.12;65.55;225.03;56.35;246.44;45.73;260.49;34.69;271.30;23.69;280.78;13.01;289.94;2.95;299.43;--;--;--;--;--;--;
2020-06-18;--;--;--;--;--;--;--;--;--;--;--;--;7.67;65.17;18.06;74.43;28.93;83.65;39.99;93.60;50.91;105.62;61.04;122.46;68.81;149.76;70.83;189.98;65.59;224.95;56.40;246.40;45.78;260.46;34.74;271.28;23.74;280.76;13.06;289.92;3.00;299.41;--;--;--;--;--;--;
2020-06-19;--;--;--;--;--;--;--;--;--;--;--;--;7.64;65.13;18.03;74.39;28.89;83.60;39.96;93.55;50.88;105.56;61.01;122.37;68.80;149.62;70.85;189.83;65.63;224.87;56.44;246.36;45.83;260.43;34.79;271.25;23.78;280.74;13.10;289.90;3.04;299.38;--;--;--;--;--;--;
2020-06-20;--;--;--;--;--;--;--;--;--;--;--;--;7.61;65.09;17.99;74.35;28.86;83.56;39.92;93.51;50.84;105.50;60.98;122.29;68.78;149.49;70.86;189.68;65.66;224.78;56.48;246.30;45.87;260.39;34.83;271.22;23.82;280.71;13.14;289.87;3.08;299.34;--;--;--;--;--;--;
2020-06-21;--;--;--;--;--;--;--;--;--;--;--;--;7.57;65.05;17.95;74.32;28.82;83.53;39.88;93.47;50.80;105.45;60.95;122.21;68.76;149.36;70.87;189.53;65.69;224.67;56.52;246.24;45.91;260.34;34.87;271.18;23.86;280.67;13.18;289.83;3.11;299.31;--;--;--;--;--;--;
2020-06-22;--;--;--;--;--;--;--;--;--;--;--;--;7.53;65.02;17.91;74.29;28.77;83.50;39.84;93.44;50.76;105.41;60.91;122.15;68.73;149.25;70.86;189.38;65.71;224.56;56.55;246.16;45.94;260.29;34.90;271.13;23.89;280.63;13.21;289.79;3.13;299.26;--;--;--;--;--;--;
2020-06-23;--;--;--;--;--;--;--;--;--;--;--;--;7.48;65.00;17.86;74.27;28.72;83.48;39.79;93.42;50.71;105.38;60.86;122.10;68.70;149.14;70.85;189.22;65.72;224.44;56.57;246.08;45.97;260.23;34.93;271.08;23.92;280.58;13.24;289.74;3.16;299.21;--;--;--;--;--;--;
2020-06-24;--;--;--;--;--;--;--;--;--;--;--;--;7.43;64.98;17.81;74.25;28.67;83.47;39.74;93.40;50.66;105.36;60.81;122.05;68.66;149.05;70.84;189.07;65.73;224.31;56.59;245.99;45.99;260.16;34.96;271.02;23.95;280.53;13.26;289.69;3.17;299.16;--;--;--;--;--;--;
2020-06-25;--;--;--;--;--;--;--;--;--;--;--;--;7.38;64.97;17.76;74.24;28.62;83.46;39.68;93.39;50.60;105.35;60.76;122.02;68.61;148.96;70.82;188.91;65.73;224.17;56.61;245.89;46.01;260.08;34.98;270.96;23.97;280.47;13.27;289.63;3.19;299.11;--;--;--;--;--;--;
2020-06-26;--;--;--;--;--;--;--;--;--;--;--;--;7.32;64.96;17.70;74.24;28.56;83.46;39.62;93.39;50.54;105.34;60.70;122.00;68.56;148.88;70.78;188.75;65.73;224.02;56.62;245.78;46.03;260.00;35.00;270.89;23.98;280.40;13.28;289.57;3.19;299.04;--;--;--;--;--;--;
2020-06-27;--;--;--;--;--;--;--;--;--;--;--;--;7.26;64.96;17.63;74.24;28.49;83.47;39.56;93.40;50.48;105.35;60.63;121.99;68.50;148.81;70.75;188.59;65.72;223.87;56.62;245.66;46.04;259.90;35.01;270.81;23.99;280.33;13.29;289.50;3.19;298.98;--;--;--;--;--;--;
2020-06-28;--;--;--;--;--;--;--;--;--;--;--;--;7.19;64.96;17.57;74.25;28.43;83.48;39.49;93.41;50.41;105.36;60.57;121.99;68.43;148.75;70.70;188.43;65.71;223.71;56.62;245.54;46.05;259.80;35.01;270.72;24.00;280.26;13.29;289.43;3.19;298.91;--;--;--;--;--;--;
2020-06-29;--;--;--;--;--;--;--;--;--;--;--;--;7.12;64.97;17.50;74.26;28.36;83.50;39.42;93.44;50.34;105.38;60.49;122.00;68.36;148.70;70.65;188.27;65.68;223.54;56.62;245.40;46.05;259.70;35.02;270.63;24.00;280.18;13.29;289.36;3.18;298.83;--;--;--;--;--;--;
2020-06-30;--;--;--;--;--;--;--;--;--;--;--;--;7.04;64.98;17.42;74.28;28.28;83.52;39.35;93.47;50.26;105.42;60.42;122.02;68.29;148.66;70.59;188.12;65.65;223.36;56.61;245.26;46.04;259.59;35.01;270.54;23.99;280.09;13.28;289.27;3.16;298.76;--;--;--;--;--;--;
2020-07-01;--;--;--;--;--;--;--;--;--;--;--;--;6.96;65.00;17.34;74.31;28.21;83.55;39.27;93.50;50.19;105.46;60.34;122.05;68.21;148.63;70.53;187.96;65.62;223.18;56.59;245.11;46.03;259.47;35.01;270.43;23.98;280.00;13.27;289.19;3.14;298.67;--;--;--;--;--;--;
2020-07-02;--;--;--;--;--;--;--;--;--;--;--;--;6.88;65.03;17.26;74.34;28.13;83.59;39.19;93.55;50.10;105.51;60.25;122.09;68.12;148.62;70.46;187.81;65.58;222.99;56.57;244.96;46.02;259.34;34.99;270.33;23.97;279.90;13.25;289.10;3.12;298.59;--;--;--;--;--;--;
2020-07-03;--;--;--;--;--;--;--;--;--;--;--;--;6.79;65.06;17.18;74.38;28.04;83.64;39.11;93.60;50.02;105.56;60.16;122.14;68.02;148.61;70.38;187.66;65.53;222.79;56.54;244.79;46.00;259.21;34.98;270.21;23.95;279.80;13.22;289.00;3.09;298.50;--;--;--;--;--;--;
2020-07-04;--;--;--;--;--;--;--;--;--;--;--;--;6.70;65.09;17.09;74.42;27.96;83.69;39.02;93.66;49.93;105.63;60.07;122.20;67.93;148.61;70.29;187.51;65.48;222.59;56.51;244.62;45.98;259.07;34.95;270.09;23.92;279.69;13.19;288.91;3.05;298.40;--;--;--;--;--;--;
2020-07-05;--;--;--;--;--;--;--;--;--;--;--;--;6.61;65.14;17.00;74.48;27.87;83.75;38.93;93.73;49.84;105.71;59.97;122.28;67.82;148.62;70.20;187.36;65.42;222.38;56.47;244.45;45.95;258.92;34.93;269.97;23.89;279.58;13.16;288.80;3.01;298.31;--;--;--;--;--;--;
2020-07-06;--;--;--;--;--;--;--;--;--;--;--;--;6.51;65.18;16.90;74.53;27.77;83.82;38.84;93.81;49.74;105.79;59.87;122.36;67.71;148.64;70.10;187.22;65.35;222.17;56.42;244.26;45.91;258.77;34.89;269.84;23.86;279.47;13.12;288.70;2.96;298.21;--;--;--;--;--;--;
2020-07-07;--;--;--;--;--;--;--;--;--;--;--;--;6.41;65.24;16.81;74.60;27.68;83.89;38.74;93.89;49.65;105.89;59.76;122.45;67.60;148.68;70.00;187.08;65.28;221.96;56.37;244.07;45.87;258.61;34.86;269.70;23.82;279.35;13.07;288.58;2.90;298.10;--;--;--;--;--;--;
2020-07-08;--;--;--;--;--;--;--;--;--;--;--;--;6.31;65.30;16.71;74.66;27.58;83.97;38.64;93.98;49.54;105.99;59.65;122.56;67.48;148.72;69.88;186.95;65.20;221.74;56.32;243.88;45.83;258.45;34.81;269.56;23.78;279.22;13.02;288.47;2.84;297.99;--;--;--;--;--;--;
2020-07-09;--;--;--;--;--;--;--;--;--;--;--;--;6.20;65.36;16.60;74.74;27.48;84.05;38.54;94.08;49.44;106.10;59.54;122.67;67.35;148.77;69.76;186.81;65.11;221.51;56.25;243.68;45.78;258.28;34.77;269.42;23.72;279.09;12.97;288.35;2.78;297.88;--;--;--;--;--;--;
2020-07-10;--;--;--;--;--;--;--;--;--;--;--;--;6.09;65.43;16.50;74.82;27.38;84.15;38.44;94.18;49.33;106.22;59.42;122.79;67.22;148.83;69.64;186.69;65.02;221.29;56.19;243.47;45.72;258.11;34.71;269.27;23.67;278.96;12.91;288.23;2.71;297.77;--;--;--;--;--;--;
2020-07-11;--;--;--;--;--;--;--;--;--;--;--;--;5.97;65.51;16.39;74.91;27.27;84.25;38.33;94.30;49.22;106.35;59.30;122.93;67.08;148.91;69.51;186.57;64.92;221.06;56.11;243.26;45.66;257.93;34.65;269.12;23.61;278.82;12.84;288.10;2.63;297.65;--;--;--;--;--;--;
2020-07-12;--;--;--;--;--;--;--;--;--;--;--;--;5.85;65.59;16.27;75.00;27.16;84.35;38.23;94.42;49.11;106.48;59.18;123.07;66.94;148.99;69.37;186.45;64.81;220.83;56.03;243.04;45.59;257.74;34.59;268.96;23.54;278.68;12.77;287.97;2.55;297.53;--;--;--;--;--;--;
2020-07-13;--;--;--;--;--;--;--;--;--;--;--;--;5.73;65.68;16.16;75.10;27.05;84.46;38.12;94.54;48.99;106.63;59.05;123.22;66.80;149.08;69.22;186.34;64.70;220.59;55.95;242.82;45.52;257.55;34.52;268.79;23.47;278.53;12.69;287.84;2.46;297.40;--;--;--;--;--;--;
2020-07-14;--;--;--;--;--;--;--;--;--;--;--;--;5.61;65.77;16.04;75.21;26.94;84.58;38.00;94.68;48.88;106.78;58.92;123.39;66.65;149.18;69.07;186.23;64.58;220.36;55.85;242.59;45.44;257.36;34.45;268.62;23.39;278.38;12.60;287.70;2.37;297.27;--;--;--;--;--;--;
2020-07-15;--;--;--;--;--;--;--;--;--;--;--;--;5.48;65.87;15.92;75.32;26.82;84.71;37.89;94.82;48.75;106.94;58.78;123.56;66.49;149.29;68.91;186.13;64.45;220.12;55.75;242.36;45.35;257.16;34.37;268.45;23.31;278.23;12.51;287.56;2.27;297.14;--;--;--;--;--;--;
2020-07-16;--;--;--;--;--;--;--;--;--;--;--;--;5.35;65.98;15.80;75.43;26.70;84.84;37.77;94.97;48.63;107.11;58.64;123.74;66.33;149.41;68.75;186.03;64.32;219.88;55.65;242.13;45.26;256.96;34.28;268.28;23.22;278.07;12.42;287.42;2.16;297.01;--;--;--;--;--;--;
2020-07-17;--;--;--;--;--;--;--;--;--;--;--;--;5.22;66.09;15.68;75.56;26.58;84.98;37.65;95.13;48.50;107.29;58.50;123.93;66.16;149.54;68.58;185.94;64.18;219.64;55.54;241.89;45.17;256.75;34.19;268.10;23.13;277.91;12.32;287.27;2.05;296.87;--;--;--;--;--;--;
2020-07-18;--;--;--;--;--;--;--;--;--;--;--;--;5.09;66.20;15.55;75.69;26.46;85.12;37.52;95.29;48.37;107.48;58.36;124.13;65.99;149.68;68.40;185.86;64.03;219.40;55.42;241.65;45.06;256.54;34.09;267.91;23.03;277.75;12.21;287.12;1.94;296.74;--;--;--;--;--;--;
2020-07-19;--;--;--;--;--;--;--;--;--;--;--;--;4.95;66.33;15.42;75.82;26.34;85.27;37.40;95.46;48.24;107.67;58.21;124.33;65.82;149.83;68.22;185.78;63.88;219.17;55.30;241.40;44.96;256.33;33.99;267.73;22.93;277.58;12.10;286.97;1.81;296.59;--;--;--;--;--;--;
2020-07-20;--;--;--;--;--;--;--;--;--;--;--;--;4.81;66.45;15.29;75.96;26.21;85.43;37.27;95.64;48.11;107.87;58.05;124.55;65.64;149.98;68.03;185.70;63.72;218.93;55.17;241.16;44.84;256.11;33.88;267.54;22.82;277.41;11.99;286.81;1.69;296.45;--;--;--;--;--;--;
2020-07-21;--;--;--;--;--;--;--;--;--;--;--;--;4.67;66.59;15.16;76.11;26.08;85.59;37.14;95.82;47.97;108.08;57.90;124.77;65.46;150.14;67.83;185.63;63.56;218.69;55.04;240.91;44.72;255.89;33.77;267.34;22.70;277.23;11.87;286.65;1.55;296.30;--;--;--;--;--;--;
2020-07-22;--;--;--;--;--;--;--;--;--;--;--;--;4.53;66.73;15.02;76.26;25.95;85.76;37.01;96.01;47.83;108.29;57.74;125.00;65.27;150.31;67.63;185.57;63.38;218.45;54.89;240.66;44.60;255.67;33.65;267.14;22.58;277.06;11.74;286.49;1.42;296.16;--;--;--;--;--;--;
2020-07-23;--;--;--;--;--;--;--;--;--;--;--;--;4.38;66.87;14.88;76.42;25.82;85.94;36.88;96.21;47.69;108.52;57.58;125.24;65.07;150.49;67.43;185.52;63.21;218.22;54.75;240.40;44.47;255.44;33.52;266.94;22.45;276.88;11.60;286.33;1.27;296.00;--;--;--;--;--;--;
2020-07-24;--;--;--;--;--;--;--;--;--;--;--;--;4.23;67.02;14.74;76.59;25.68;86.12;36.74;96.41;47.54;108.75;57.41;125.49;64.88;150.68;67.22;185.46;63.02;217.98;54.59;240.15;44.33;255.21;33.39;266.74;22.32;276.70;11.47;286.16;1.12;295.85;--;--;--;--;--;--;
2020-07-25;--;--;--;--;--;--;--;--;--;--;--;--;4.08;67.18;14.60;76.76;25.55;86.30;36.61;96.62;47.40;108.98;57.24;125.75;64.68;150.87;67.00;185.42;62.83;217.75;54.43;239.89;44.19;254.98;33.26;266.54;22.19;276.51;11.32;285.99;0.97;295.70;--;--;--;--;--;--;
2020-07-26;--;--;--;--;--;--;--;--;--;--;--;--;3.93;67.34;14.46;76.93;25.41;86.50;36.47;96.84;47.25;109.23;57.07;126.01;64.47;151.07;66.78;185.38;62.63;217.52;54.27;239.63;44.04;254.74;33.12;266.33;22.04;276.32;11.17;285.82;0.81;295.54;--;--;--;--;--;--;
2020-07-27;--;--;--;--;--;--;--;--;--;--;--;--;3.77;67.50;14.31;77.11;25.27;86.70;36.33;97.06;47.10;109.48;56.90;126.28;64.26;151.28;66.55;185.35;62.43;217.29;54.10;239.37;43.89;254.51;32.97;266.12;21.90;276.13;11.02;285.65;0.64;295.38;--;--;--;--;--;--;
2020-07-28;--;--;--;--;--;--;--;--;--;--;--;--;3.61;67.67;14.17;77.30;25.13;86.90;36.18;97.29;46.94;109.74;56.72;126.55;64.04;151.49;66.31;185.32;62.22;217.06;53.92;239.11;43.73;254.27;32.82;265.90;21.74;275.94;10.86;285.47;0.47;295.22;--;--;--;--;--;--;
2020-07-29;--;--;--;--;--;--;--;--;--;--;--;--;3.46;67.85;14.02;77.49;24.98;87.11;36.04;97.52;46.79;110.00;56.54;126.84;63.83;151.71;66.08;185.30;62.01;216.84;53.73;238.85;43.57;254.03;32.66;265.69;21.59;275.75;10.69;285.29;0.29;295.05;--;--;--;--;--;--;
2020-07-30;--;--;--;--;--;--;--;--;--;--;--;--;3.29;68.03;13.87;77.69;24.84;87.32;35.89;97.76;46.63;110.27;56.35;127.13;63.60;151.93;65.83;185.28;61.78;216.62;53.54;238.59;43.40;253.78;32.50;265.47;21.42;275.55;10.52;285.11;0.11;294.89;--;--;--;--;--;--;
2020-07-31;--;--;--;--;--;--;--;--;--;--;--;--;3.13;68.22;13.72;77.89;24.69;87.55;35.74;98.01;46.47;110.55;56.17;127.42;63.38;152.16;65.58;185.27;61.56;216.40;53.35;238.33;43.22;253.54;32.33;265.25;21.25;275.35;10.35;284.93;-0.08;294.72;--;--;--;--;--;--;
2020-08-01;--;--;--;--;--;--;--;--;--;--;--;--;2.97;68.41;13.56;78.10;24.54;87.77;35.59;98.26;46.31;110.83;55.98;127.72;63.15;152.40;65.33;185.26;61.32;216.18;53.15;238.07;43.04;253.30;32.16;265.03;21.08;275.15;10.17;284.75;-0.27;294.55;--;--;--;--;--;--;
2020-08-02;--;--;--;--;--;--;--;--;--;--;--;--;2.80;68.61;13.41;78.31;24.39;88.00;35.44;98.52;46.14;111.12;55.78;128.03;62.91;152.64;65.07;185.26;61.09;215.97;52.94;237.81;42.85;253.05;31.98;264.81;20.90;274.95;9.98;284.56;-0.47;294.38;--;--;--;--;--;--;
2020-08-03;--;--;--;--;--;--;--;--;--;--;--;--;2.64;68.82;13.25;78.53;24.24;88.24;35.29;98.78;45.97;111.41;55.59;128.34;62.67;152.89;64.80;185.27;60.84;215.76;52.73;237.55;42.66;252.80;31.79;264.58;20.71;274.75;9.79;284.37;-0.67;294.21;--;--;--;--;--;--;
2020-08-04;--;--;--;--;--;--;--;--;--;--;--;--;2.47;69.02;13.10;78.75;24.09;88.48;35.13;99.05;45.80;111.71;55.39;128.66;62.43;153.14;64.54;185.28;60.59;215.56;52.51;237.29;42.46;252.55;31.60;264.36;20.52;274.54;9.59;284.18;--;--;--;--;--;--;--;--;
2020-08-05;--;--;--;--;--;--;--;--;--;--;--;--;2.30;69.24;12.94;78.98;23.94;88.73;34.97;99.32;45.63;112.01;55.19;128.98;62.18;153.39;64.26;185.29;60.34;215.36;52.28;237.03;42.25;252.31;31.41;264.13;20.33;274.33;9.39;283.99;--;--;--;--;--;--;--;--;
2020-08-06;--;--;--;--;--;--;--;--;--;--;--;--;2.13;69.45;12.78;79.21;23.78;88.98;34.82;99.60;45.46;112.32;54.98;129.31;61.93;153.65;63.98;185.31;60.08;215.16;52.05;236.78;42.05;252.06;31.21;263.90;20.13;274.12;9.19;283.80;--;--;--;--;--;--;--;--;
2020-08-07;--;--;--;--;--;--;--;--;--;--;--;--;1.95;69.68;12.62;79.45;23.63;89.24;34.66;99.88;45.28;112.64;54.77;129.64;61.68;153.91;63.70;185.33;59.81;214.96;51.82;236.52;41.83;251.81;31.00;263.67;19.93;273.91;8.98;283.61;--;--;--;--;--;--;--;--;
2020-08-08;--;--;--;--;--;--;--;--;--;--;--;--;1.78;69.91;12.46;79.69;23.47;89.50;34.49;100.17;45.10;112.96;54.56;129.98;61.42;154.18;63.41;185.36;59.54;214.77;51.58;236.26;41.61;251.56;30.79;263.44;19.72;273.70;8.76;283.41;--;--;--;--;--;--;--;--;
2020-08-09;--;--;--;--;--;--;--;--;--;--;--;--;1.60;70.14;12.29;79.94;23.31;89.77;34.33;100.46;44.92;113.28;54.35;130.32;61.16;154.45;63.12;185.39;59.26;214.58;51.33;236.01;41.39;251.31;30.58;263.21;19.50;273.49;8.54;283.22;--;--;--;--;--;--;--;--;
2020-08-10;--;--;--;--;--;--;--;--;--;--;--;--;1.43;70.37;12.13;80.19;23.15;90.04;34.16;100.76;44.74;113.61;54.13;130.66;60.89;154.72;62.82;185.42;58.98;214.40;51.08;235.76;41.16;251.06;30.36;262.98;19.28;273.28;8.32;283.02;--;--;--;--;--;--;--;--;
2020-08-11;--;--;--;--;--;--;--;--;--;--;--;--;1.25;70.62;11.96;80.44;22.99;90.31;34.00;101.06;44.55;113.94;53.91;131.01;60.62;154.99;62.52;185.46;58.69;214.22;50.82;235.51;40.92;250.81;30.13;262.75;19.06;273.06;8.09;282.82;--;--;--;--;--;--;--;--;
2020-08-12;--;--;--;--;--;--;--;--;--;--;--;--;1.07;70.86;11.80;80.70;22.83;90.59;33.83;101.36;44.37;114.28;53.69;131.36;60.35;155.27;62.22;185.50;58.40;214.05;50.56;235.26;40.68;250.56;29.90;262.51;18.83;272.85;7.85;282.62;--;--;--;--;--;--;--;--;
2020-08-13;--;--;--;--;--;--;--;--;--;--;--;--;0.89;71.11;11.63;80.97;22.66;90.87;33.66;101.67;44.18;114.62;53.46;131.72;60.07;155.55;61.91;185.55;58.11;213.87;50.30;235.01;40.43;250.31;29.67;262.28;18.60;272.63;7.61;282.42;--;--;--;--;--;--;--;--;
2020-08-14;--;--;--;--;--;--;--;--;--;--;--;--;0.71;71.37;11.46;81.24;22.50;91.16;33.49;101.99;43.99;114.96;53.23;132.08;59.79;155.83;61.60;185.60;57.81;213.70;50.02;234.77;40.18;250.06;29.43;262.05;18.36;272.41;7.37;282.22;--;--;--;--;--;--;--;--;
2020-08-15;--;--;--;--;--;--;--;--;--;--;--;--;0.53;71.63;11.29;81.51;22.33;91.45;33.31;102.31;43.79;115.31;53.00;132.44;59.51;156.12;61.28;185.65;57.50;213.54;49.75;234.52;39.93;249.81;29.18;261.81;18.12;272.19;7.12;282.02;--;--;--;--;--;--;--;--;
2020-08-16;--;--;--;--;--;--;--;--;--;--;--;--;0.35;71.89;11.12;81.79;22.16;91.75;33.14;102.63;43.60;115.66;52.76;132.80;59.22;156.40;60.96;185.71;57.19;213.38;49.47;234.28;39.67;249.56;28.94;261.58;17.87;271.98;6.87;281.81;--;--;--;--;--;--;--;--;
2020-08-17;--;--;--;--;--;--;--;--;--;--;--;--;0.16;72.16;10.95;82.07;21.99;92.05;32.96;102.95;43.40;116.02;52.53;133.17;58.93;156.69;60.64;185.76;56.88;213.22;49.18;234.04;39.41;249.31;28.68;261.34;17.62;271.76;6.62;281.61;--;--;--;--;--;--;--;--;
2020-08-18;--;--;--;--;--;--;--;--;--;--;--;--;-0.02;72.43;10.77;82.35;21.82;92.35;32.79;103.28;43.20;116.38;52.29;133.54;58.64;156.98;60.31;185.83;56.56;213.07;48.89;233.81;39.14;249.07;28.43;261.11;17.37;271.54;6.36;281.40;--;--;--;--;--;--;--;--;
2020-08-19;--;--;--;--;--;--;--;--;--;--;--;--;-0.21;72.70;10.60;82.64;21.65;92.66;32.61;103.61;43.00;116.74;52.04;133.91;58.34;157.27;59.98;185.89;56.24;212.92;48.59;233.57;38.87;248.82;28.17;260.87;17.11;271.31;6.10;281.20;--;--;--;--;--;--;--;--;
2020-08-20;--;--;--;--;--;--;--;--;--;--;--;--;-0.39;72.98;10.43;82.93;21.48;92.97;32.42;103.95;42.79;117.10;51.80;134.28;58.04;157.56;59.64;185.96;55.91;212.77;48.30;233.34;38.59;248.57;27.90;260.64;16.85;271.09;5.83;280.99;--;--;--;--;--;--;--;--;
2020-08-21;--;--;--;--;--;--;--;--;--;--;--;--;-0.58;73.26;10.25;83.22;21.31;93.28;32.24;104.29;42.58;117.47;51.55;134.65;57.74;157.85;59.31;186.02;55.58;212.63;47.99;233.11;38.31;248.33;27.63;260.40;16.58;270.87;5.56;280.78;--;--;--;--;--;--;--;--;
2020-08-22;--;--;--;--;--;--;--;--;--;--;--;--;-0.77;73.55;10.08;83.52;21.13;93.60;32.06;104.63;42.38;117.84;51.30;135.03;57.44;158.14;58.96;186.09;55.25;212.49;47.68;232.88;38.02;248.09;27.36;260.16;16.31;270.65;5.29;280.57;--;--;--;--;--;--;--;--;
2020-08-23;--;--;--;--;--;--;--;--;--;--;--;--;--;--;9.90;83.82;20.96;93.91;31.87;104.97;42.16;118.21;51.04;135.40;57.13;158.43;58.62;186.17;54.91;212.35;47.37;232.66;37.73;247.84;27.08;259.93;16.04;270.43;5.01;280.36;--;--;--;--;--;--;--;--;
2020-08-24;--;--;--;--;--;--;--;--;--;--;--;--;--;--;9.72;84.13;20.78;94.24;31.68;105.32;41.95;118.58;50.79;135.78;56.82;158.72;58.27;186.24;54.57;212.22;47.06;232.43;37.44;247.60;26.80;259.69;15.76;270.20;4.73;280.15;--;--;--;--;--;--;--;--;
2020-08-25;--;--;--;--;--;--;--;--;--;--;--;--;--;--;9.54;84.44;20.60;94.56;31.50;105.67;41.74;118.95;50.53;136.15;56.50;159.01;57.92;186.31;54.22;212.09;46.74;232.21;37.14;247.36;26.52;259.46;15.48;269.98;4.44;279.94;--;--;--;--;--;--;--;--;
2020-08-26;--;--;--;--;--;--;--;--;--;--;--;--;--;--;9.36;84.75;20.43;94.89;31.31;106.02;41.52;119.33;50.27;136.53;56.18;159.30;57.57;186.39;53.87;211.96;46.42;231.99;36.84;247.12;26.23;259.22;15.20;269.76;4.16;279.73;--;--;--;--;--;--;--;--;
2020-08-27;--;--;--;--;--;--;--;--;--;--;--;--;--;--;9.18;85.06;20.25;95.22;31.11;106.37;41.30;119.71;50.00;136.91;55.86;159.59;57.21;186.47;53.52;211.84;46.09;231.78;36.54;246.89;25.94;258.99;14.91;269.53;3.86;279.52;--;--;--;--;--;--;--;--;
2020-08-28;--;--;--;--;--;--;--;--;--;--;--;--;--;--;9.00;85.38;20.07;95.55;30.92;106.73;41.08;120.09;49.74;137.29;55.54;159.88;56.85;186.55;53.17;211.72;45.76;231.56;36.23;246.65;25.64;258.76;14.62;269.31;3.57;279.30;--;--;--;--;--;--;--;--;
2020-08-29;--;--;--;--;--;--;--;--;--;--;--;--;--;--;8.82;85.70;19.88;95.89;30.72;107.09;40.86;120.47;49.47;137.66;55.22;160.16;56.49;186.63;52.81;211.60;45.43;231.35;35.92;246.41;25.35;258.52;14.33;269.08;3.27;279.09;--;--;--;--;--;--;--;--;
2020-08-30;--;--;--;--;--;--;--;--;--;--;--;--;--;--;8.64;86.02;19.70;96.23;30.53;107.45;40.63;120.85;49.19;138.04;54.89;160.45;56.13;186.71;52.45;211.48;45.09;231.14;35.60;246.18;25.05;258.29;14.03;268.86;2.98;278.88;--;--;--;--;--;--;--;--;
2020-08-31;--;--;--;--;--;--;--;--;--;--;--;--;--;--;8.46;86.34;19.52;96.57;30.33;107.81;40.40;121.23;48.92;138.42;54.56;160.74;55.76;186.79;52.09;211.37;44.75;230.93;35.29;245.94;24.74;258.06;13.73;268.63;2.67;278.66;--;--;--;--;--;--;--;--;
2020-09-01;--;--;--;--;--;--;--;--;--;--;--;--;--;--;8.27;86.67;19.33;96.91;30.13;108.17;40.17;121.62;48.64;138.80;54.22;161.02;55.39;186.87;51.72;211.26;44.41;230.73;34.97;245.71;24.44;257.82;13.43;268.41;2.37;278.45;--;--;--;--;--;--;--;--;
2020-09-02;--;--;--;--;--;--;--;--;--;--;--;--;--;--;8.09;87.00;19.14;97.25;29.93;108.53;39.94;122.00;48.36;139.17;53.89;161.30;55.02;186.95;51.35;211.15;44.06;230.53;34.64;245.48;24.13;257.59;13.13;268.18;2.06;278.23;--;--;--;--;--;--;--;--;
2020-09-03;--;--;--;--;--;--;--;--;--;--;--;--;--;--;7.91;87.33;18.96;97.59;29.73;108.90;39.71;122.38;48.08;139.55;53.55;161.58;54.65;187.04;50.98;211.04;43.71;230.33;34.32;245.25;23.81;257.36;12.82;267.96;1.75;278.01;--;--;--;--;--;--;--;--;
2020-09-04;--;--;--;--;--;--;--;--;--;--;--;--;--;--;7.72;87.66;18.77;97.94;29.52;109.27;39.47;122.77;47.80;139.92;53.21;161.86;54.27;187.12;50.61;210.94;43.36;230.13;33.99;245.02;23.50;257.13;12.51;267.73;1.44;277.80;--;--;--;--;--;--;--;--;
2020-09-05;--;--;--;--;--;--;--;--;--;--;--;--;--;--;7.53;88.00;18.58;98.29;29.32;109.63;39.23;123.15;47.51;140.29;52.87;162.14;53.89;187.20;50.23;210.84;43.01;229.93;33.66;244.80;23.18;256.90;12.20;267.51;1.13;277.58;--;--;--;--;--;--;--;--;
2020-09-06;--;--;--;--;--;--;--;--;--;--;--;--;--;--;7.35;88.33;18.39;98.64;29.11;110.00;38.99;123.53;47.22;140.66;52.52;162.41;53.51;187.29;49.86;210.74;42.66;229.74;33.32;244.57;22.86;256.67;11.89;267.28;0.82;277.36;--;--;--;--;--;--;--;--;
2020-09-07;--;--;--;--;--;--;--;--;--;--;--;--;--;--;7.16;88.67;18.20;98.99;28.90;110.37;38.75;123.92;46.93;141.03;52.18;162.69;53.13;187.37;49.48;210.64;42.30;229.54;32.99;244.35;22.54;256.44;11.57;267.06;0.50;277.14;--;--;--;--;--;--;--;--;
2020-09-08;--;--;--;--;--;--;--;--;--;--;--;--;--;--;6.97;89.01;18.00;99.34;28.69;110.74;38.51;124.30;46.64;141.40;51.83;162.96;52.75;187.45;49.10;210.55;41.94;229.35;32.65;244.12;22.22;256.21;11.26;266.83;0.18;276.92;--;--;--;--;--;--;--;--;
2020-09-09;--;--;--;--;--;--;--;--;--;--;--;--;--;--;6.78;89.35;17.81;99.69;28.48;111.11;38.26;124.68;46.34;141.76;51.48;163.22;52.36;187.53;48.71;210.45;41.58;229.17;32.31;243.90;21.89;255.98;10.94;266.60;-0.14;276.70;--;--;--;--;--;--;--;--;
2020-09-10;--;--;--;--;--;--;--;--;--;--;--;--;--;--;6.59;89.69;17.61;100.05;28.26;111.48;38.01;125.06;46.04;142.12;51.13;163.49;51.98;187.61;48.33;210.36;41.21;228.98;31.97;243.68;21.57;255.75;10.62;266.38;-0.46;276.48;--;--;--;--;--;--;--;--;
2020-09-11;--;--;--;--;--;--;--;--;--;--;--;--;--;--;6.40;90.03;17.42;100.40;28.05;111.85;37.76;125.44;45.74;142.48;50.77;163.75;51.59;187.69;47.94;210.27;40.85;228.79;31.63;243.46;21.24;255.52;10.30;266.15;-0.78;276.26;--;--;--;--;--;--;--;--;
2020-09-12;--;--;--;--;--;--;--;--;--;--;--;--;--;--;6.21;90.38;17.22;100.76;27.83;112.22;37.51;125.82;45.44;142.84;50.42;164.01;51.20;187.77;47.55;210.18;40.48;228.61;31.28;243.24;20.91;255.30;9.97;265.92;--;--;--;--;--;--;--;--;--;--;
2020-09-13;--;--;--;--;--;--;--;--;--;--;--;--;--;--;6.02;90.72;17.02;101.11;27.61;112.58;37.26;126.20;45.14;143.20;50.06;164.27;50.81;187.85;47.17;210.09;40.11;228.43;30.94;243.02;20.58;255.07;9.65;265.70;--;--;--;--;--;--;--;--;--;--;
2020-09-14;--;--;--;--;--;--;--;--;--;--;--;--;--;--;5.83;91.07;16.82;101.47;27.39;112.95;37.00;126.58;44.83;143.55;49.70;164.52;50.42;187.93;46.78;210.00;39.74;228.25;30.59;242.81;20.25;254.84;9.32;265.47;--;--;--;--;--;--;--;--;--;--;
2020-09-15;--;--;--;--;--;--;--;--;--;--;--;--;--;--;5.63;91.42;16.62;101.82;27.17;113.32;36.74;126.95;44.53;143.90;49.34;164.77;50.03;188.01;46.39;209.91;39.37;228.07;30.24;242.59;19.91;254.62;9.00;265.25;--;--;--;--;--;--;--;--;--;--;
2020-09-16;--;--;--;--;--;--;--;--;--;--;--;--;--;--;5.44;91.76;16.42;102.18;26.95;113.69;36.49;127.33;44.22;144.25;48.98;165.02;49.63;188.08;45.99;209.83;39.00;227.89;29.89;242.38;19.58;254.39;8.67;265.02;--;--;--;--;--;--;--;--;--;--;
2020-09-17;--;--;--;--;--;--;--;--;--;--;--;--;--;--;5.25;92.11;16.22;102.53;26.72;114.06;36.22;127.70;43.91;144.59;48.62;165.27;49.24;188.16;45.60;209.74;38.63;227.71;29.54;242.16;19.24;254.16;8.34;264.79;--;--;--;--;--;--;--;--;--;--;
2020-09-18;--;--;--;--;--;--;--;--;--;--;--;--;--;--;5.05;92.46;16.01;102.89;26.50;114.42;35.96;128.07;43.60;144.93;48.25;165.51;48.85;188.23;45.21;209.66;38.26;227.54;29.19;241.95;18.91;253.94;8.02;264.56;--;--;--;--;--;--;--;--;--;--;
2020-09-19;--;--;--;--;--;--;--;--;--;--;--;--;--;--;4.85;92.81;15.81;103.24;26.27;114.79;35.70;128.43;43.28;145.27;47.89;165.74;48.45;188.30;44.81;209.58;37.88;227.37;28.83;241.74;18.57;253.71;7.69;264.34;--;--;--;--;--;--;--;--;--;--;
2020-09-20;--;--;--;--;--;--;--;--;--;--;--;--;--;--;4.66;93.15;15.60;103.60;26.04;115.15;35.43;128.80;42.97;145.60;47.52;165.98;48.06;188.37;44.42;209.50;37.51;227.19;28.48;241.53;18.23;253.49;7.36;264.11;--;--;--;--;--;--;--;--;--;--;
2020-09-21;--;--;--;--;--;--;--;--;--;--;--;--;--;--;4.46;93.50;15.39;103.95;25.81;115.51;35.16;129.16;42.65;145.93;47.15;166.21;47.66;188.44;44.03;209.41;37.13;227.02;28.13;241.32;17.90;253.27;7.03;263.88;--;--;--;--;--;--;--;--;--;--;
2020-09-22;--;--;--;--;--;--;--;--;--;--;--;--;--;--;4.26;93.85;15.19;104.30;25.58;115.87;34.90;129.52;42.33;146.26;46.79;166.44;47.26;188.51;43.63;209.33;36.76;226.85;27.77;241.11;17.56;253.04;6.70;263.65;--;--;--;--;--;--;--;--;--;--;
2020-09-23;--;--;--;--;--;--;--;--;--;--;--;--;--;--;4.06;94.20;14.98;104.65;25.35;116.23;34.63;129.88;42.01;146.58;46.42;166.66;46.87;188.57;43.24;209.25;36.38;226.68;27.42;240.90;17.22;252.82;6.37;263.43;--;--;--;--;--;--;--;--;--;--;
2020-09-24;--;--;--;--;--;--;--;--;--;--;--;--;--;--;3.87;94.54;14.77;105.00;25.11;116.59;34.35;130.23;41.69;146.90;46.05;166.88;46.47;188.64;42.84;209.17;36.01;226.52;27.07;240.69;16.88;252.60;6.05;263.20;--;--;--;--;--;--;--;--;--;--;
2020-09-25;--;--;--;--;--;--;--;--;--;--;--;--;--;--;3.67;94.89;14.56;105.35;24.88;116.94;34.08;130.58;41.37;147.21;45.68;167.09;46.07;188.70;42.45;209.09;35.63;226.35;26.71;240.48;16.55;252.37;5.72;262.97;--;--;--;--;--;--;--;--;--;--;
2020-09-26;--;--;--;--;--;--;--;--;--;--;--;--;--;--;3.47;95.23;14.34;105.70;24.64;117.30;33.81;130.93;41.05;147.52;45.31;167.30;45.68;188.76;42.05;209.01;35.26;226.18;26.36;240.28;16.21;252.15;5.39;262.74;--;--;--;--;--;--;--;--;--;--;
2020-09-27;--;--;--;--;--;--;--;--;--;--;--;--;--;--;3.26;95.58;14.13;106.05;24.40;117.65;33.53;131.28;40.72;147.83;44.94;167.51;45.28;188.81;41.66;208.93;34.88;226.02;26.01;240.07;15.88;251.93;5.06;262.51;--;--;--;--;--;--;--;--;--;--;
2020-09-28;--;--;--;--;--;--;--;--;--;--;--;--;--;--;3.06;95.92;13.92;106.39;24.16;117.99;33.25;131.62;40.40;148.13;44.57;167.71;44.88;188.87;41.27;208.84;34.51;225.85;25.66;239.87;15.54;251.71;4.74;262.28;--;--;--;--;--;--;--;--;--;--;
2020-09-29;--;--;--;--;--;--;--;--;--;--;--;--;--;--;2.86;96.26;13.70;106.74;23.92;118.34;32.97;131.96;40.07;148.43;44.20;167.91;44.49;188.92;40.87;208.76;34.14;225.69;25.30;239.66;15.21;251.48;4.41;262.05;--;--;--;--;--;--;--;--;--;--;
2020-09-30;--;--;--;--;--;--;--;--;--;--;--;--;--;--;2.66;96.60;13.48;107.08;23.68;118.68;32.69;132.29;39.74;148.72;43.83;168.11;44.09;188.97;40.48;208.68;33.76;225.52;24.95;239.46;14.87;251.26;4.09;261.82;--;--;--;--;--;--;--;--;--;--;
2020-10-01;--;--;--;--;--;--;--;--;--;--;--;--;--;--;2.45;96.94;13.27;107.42;23.44;119.03;32.41;132.62;39.42;149.01;43.46;168.30;43.70;189.02;40.09;208.60;33.39;225.36;24.60;239.25;14.54;251.04;3.77;261.59;--;--;--;--;--;--;--;--;--;--;
2020-10-02;--;--;--;--;--;--;--;--;--;--;--;--;--;--;2.25;97.28;13.05;107.76;23.19;119.36;32.13;132.95;39.09;149.30;43.08;168.49;43.31;189.07;39.70;208.52;33.02;225.19;24.26;239.05;14.21;250.82;3.45;261.36;--;--;--;--;--;--;--;--;--;--;
2020-10-03;--;--;--;--;--;--;--;--;--;--;--;--;--;--;2.04;97.62;12.83;108.09;22.95;119.70;31.85;133.27;38.76;149.57;42.71;168.67;42.91;189.11;39.31;208.43;32.65;225.03;23.91;238.85;13.88;250.60;3.13;261.13;--;--;--;--;--;--;--;--;--;--;
2020-10-04;--;--;--;--;--;--;--;--;--;--;--;--;--;--;1.84;97.95;12.61;108.43;22.70;120.03;31.56;133.59;38.43;149.85;42.34;168.85;42.52;189.15;38.93;208.35;32.29;224.87;23.56;238.64;13.55;250.38;2.81;260.90;--;--;--;--;--;--;--;--;--;--;
2020-10-05;--;--;--;--;--;--;--;--;--;--;--;--;--;--;1.63;98.29;12.39;108.76;22.45;120.36;31.28;133.91;38.10;150.12;41.97;169.02;42.13;189.19;38.54;208.27;31.92;224.71;23.22;238.44;13.22;250.16;2.49;260.67;--;--;--;--;--;--;--;--;--;--;
2020-10-06;--;--;--;--;--;--;--;--;--;--;--;--;--;--;1.43;98.62;12.17;109.09;22.20;120.69;30.99;134.22;37.77;150.38;41.61;169.19;41.74;189.23;38.16;208.18;31.55;224.55;22.88;238.24;12.90;249.94;2.18;260.44;--;--;--;--;--;--;--;--;--;--;
2020-10-07;--;--;--;--;--;--;--;--;--;--;--;--;--;--;1.22;98.95;11.94;109.41;21.96;121.01;30.71;134.53;37.44;150.64;41.24;169.35;41.36;189.26;37.77;208.10;31.19;224.38;22.53;238.04;12.57;249.71;1.87;260.21;--;--;--;--;--;--;--;--;--;--;
2020-10-08;--;--;--;--;--;--;--;--;--;--;--;--;--;--;1.01;99.28;11.72;109.74;21.71;121.33;30.42;134.83;37.11;150.90;40.87;169.51;40.97;189.29;37.39;208.01;30.83;224.22;22.20;237.84;12.25;249.49;1.56;259.98;--;--;--;--;--;--;--;--;--;--;
2020-10-09;--;--;--;--;--;--;--;--;--;--;--;--;--;--;0.80;99.60;11.50;110.06;21.45;121.64;30.13;135.13;36.78;151.15;40.50;169.67;40.58;189.32;37.01;207.92;30.47;224.06;21.86;237.64;11.94;249.27;1.25;259.75;--;--;--;--;--;--;--;--;--;--;
2020-10-10;--;--;--;--;--;--;--;--;--;--;--;--;--;--;0.59;99.92;11.27;110.38;21.20;121.95;29.85;135.42;36.46;151.39;40.14;169.82;40.20;189.34;36.64;207.84;30.11;223.90;21.52;237.44;11.62;249.05;0.95;259.51;--;--;--;--;--;--;--;--;--;--;
2020-10-11;--;--;--;--;--;--;--;--;--;--;--;--;--;--;0.38;100.24;11.05;110.69;20.95;122.26;29.56;135.71;36.13;151.63;39.77;169.96;39.82;189.37;36.26;207.75;29.76;223.74;21.19;237.24;11.30;248.83;0.65;259.28;--;--;--;--;--;--;--;--;--;--;
2020-10-12;--;--;--;--;--;--;--;--;--;--;--;--;--;--;0.17;100.56;10.82;111.00;20.70;122.56;29.27;135.99;35.80;151.87;39.41;170.11;39.44;189.39;35.89;207.66;29.41;223.58;20.86;237.03;10.99;248.61;0.35;259.05;--;--;--;--;--;--;--;--;--;--;
2020-10-13;--;--;--;--;--;--;--;--;--;--;--;--;--;--;-0.04;100.87;10.59;111.31;20.45;122.86;28.98;136.27;35.47;152.10;39.05;170.24;39.06;189.40;35.52;207.57;29.06;223.41;20.53;236.83;10.68;248.39;0.05;258.81;--;--;--;--;--;--;--;--;--;--;
2020-10-14;--;--;--;--;--;--;--;--;--;--;--;--;--;--;-0.25;101.18;10.37;111.61;20.19;123.16;28.69;136.54;35.14;152.32;38.68;170.37;38.69;189.42;35.15;207.47;28.71;223.25;20.21;236.63;10.38;248.17;-0.24;258.58;--;--;--;--;--;--;--;--;--;--;
2020-10-15;--;--;--;--;--;--;--;--;--;--;--;--;--;--;-0.46;101.49;10.14;111.91;19.94;123.45;28.40;136.81;34.81;152.54;38.32;170.50;38.32;189.43;34.79;207.38;28.37;223.09;19.89;236.43;10.08;247.95;-0.53;258.35;--;--;--;--;--;--;--;--;--;--;
2020-10-16;--;--;--;--;--;--;--;--;--;--;--;--;--;--;-0.67;101.80;9.91;112.21;19.68;123.74;28.12;137.08;34.49;152.75;37.97;170.63;37.95;189.44;34.43;207.29;28.02;222.93;19.57;236.24;9.78;247.73;-0.82;258.11;--;--;--;--;--;--;--;--;--;--;
2020-10-17;--;--;--;--;--;--;--;--;--;--;--;--;--;--;--;--;9.68;112.50;19.43;124.02;27.83;137.33;34.16;152.96;37.61;170.74;37.58;189.44;34.07;207.19;27.68;222.77;19.25;236.04;9.48;247.51;--;--;--;--;--;--;--;--;--;--;--;--;
2020-10-18;--;--;--;--;--;--;--;--;--;--;--;--;--;--;--;--;9.45;112.79;19.17;124.30;27.54;137.59;33.83;153.16;37.26;170.86;37.21;189.44;33.71;207.10;27.35;222.61;18.94;235.84;9.19;247.29;--;--;--;--;--;--;--;--;--;--;--;--;
2020-10-19;--;--;--;--;--;--;--;--;--;--;--;--;--;--;--;--;9.22;113.08;18.92;124.57;27.25;137.84;33.51;153.36;36.90;170.97;36.85;189.44;33.36;207.00;27.02;222.44;18.63;235.64;8.90;247.07;--;--;--;--;--;--;--;--;--;--;--;--;
2020-10-20;--;--;--;--;--;--;--;--;--;--;--;--;--;--;--;--;8.99;113.36;18.66;124.84;26.96;138.08;33.19;153.55;36.55;171.07;36.49;189.44;33.01;206.90;26.69;222.28;18.32;235.44;8.61;246.85;--;--;--;--;--;--;--;--;--;--;--;--;
2020-10-21;--;--;--;--;--;--;--;--;--;--;--;--;--;--;--;--;8.76;113.64;18.41;125.10;26.67;138.32;32.87;153.73;36.21;171.17;36.13;189.43;32.66;206.80;26.36;222.12;18.02;235.24;8.33;246.63;--;--;--;--;--;--;--;--;--;--;--;--;
2020-10-22;--;--;--;--;--;--;--;--;--;--;--;--;--;--;--;--;8.53;113.91;18.15;125.36;26.39;138.55;32.55;153.91;35.86;171.26;35.78;189.42;32.32;206.70;26.04;221.95;17.72;235.04;8.05;246.41;--;--;--;--;--;--;--;--;--;--;--;--;
2020-10-23;--;--;--;--;--;--;--;--;--;--;--;--;--;--;--;--;8.30;114.18;17.90;125.61;26.10;138.78;32.23;154.09;35.52;171.35;35.43;189.41;31.98;206.60;25.72;221.79;17.43;234.84;7.77;246.19;--;--;--;--;--;--;--;--;--;--;--;--;
2020-10-24;--;--;--;--;--;--;--;--;--;--;--;--;--;--;--;--;8.07;114.44;17.64;125.86;25.81;139.00;31.91;154.26;35.18;171.44;35.08;189.40;31.64;206.49;25.41;221.63;17.14;234.64;7.50;245.97;--;--;--;--;--;--;--;--;--;--;--;--;
2020-10-25;--;--;--;--;--;--;--;--;--;--;--;--;--;--;--;--;7.84;114.70;17.39;126.11;25.53;139.21;31.60;154.42;34.84;171.52;34.74;189.38;31.31;206.39;25.10;221.46;16.85;234.44;7.24;245.75;--;--;--;--;--;--;--;--;--;--;--;--;
2020-10-26;--;--;--;--;--;--;--;--;--;--;--;--;--;--;--;--;7.61;114.95;17.13;126.34;25.25;139.42;31.28;154.58;34.50;171.59;34.40;189.36;30.98;206.28;24.79;221.30;16.57;234.25;6.97;245.54;--;--;--;--;--;--;--;--;--;--;--;--;
2020-10-27;--;--;--;--;--;--;--;--;--;--;--;--;--;--;--;--;7.38;115.20;16.88;126.58;24.96;139.63;30.97;154.73;34.17;171.66;34.06;189.33;30.66;206.17;24.49;221.13;16.29;234.05;6.72;245.32;--;--;--;--;--;--;--;--;--;--;--;--;
2020-10-28;--;--;--;--;--;--;--;--;--;--;--;--;--;--;--;--;7.15;115.45;16.62;126.81;24.68;139.82;30.66;154.87;33.84;171.73;33.73;189.30;30.34;206.06;24.19;220.97;16.02;233.85;6.46;245.10;--;--;--;--;--;--;--;--;--;--;--;--;
2020-10-29;--;--;--;--;--;--;--;--;--;--;--;--;--;--;--;--;6.92;115.69;16.37;127.03;24.40;140.02;30.35;155.01;33.52;171.79;33.40;189.27;30.02;205.95;23.90;220.80;15.75;233.65;6.22;244.88;--;--;--;--;--;--;--;--;--;--;--;--;
2020-10-30;--;--;--;--;--;--;--;--;--;--;--;--;--;--;--;--;6.69;115.92;16.12;127.24;24.12;140.20;30.05;155.15;33.19;171.85;33.07;189.24;29.71;205.84;23.61;220.64;15.48;233.45;5.97;244.66;--;--;--;--;--;--;--;--;--;--;--;--;
2020-10-31;--;--;--;--;--;--;--;--;--;--;--;--;--;--;--;--;6.46;116.15;15.87;127.46;23.84;140.38;29.74;155.28;32.87;171.90;32.75;189.20;29.40;205.73;23.33;220.47;15.22;233.26;5.73;244.45;--;--;--;--;--;--;--;--;--;--;--;--;
2020-11-01;--;--;--;--;--;--;--;--;--;--;--;--;--;--;--;--;6.23;116.38;15.62;127.66;23.57;140.56;29.44;155.40;32.56;171.95;32.44;189.16;29.10;205.61;23.05;220.30;14.97;233.06;5.50;244.23;--;--;--;--;--;--;--;--;--;--;--;--;
2020-11-02;--;--;--;--;--;--;--;--;--;--;--;--;--;--;--;--;6.01;116.60;15.37;127.86;23.29;140.73;29.15;155.52;32.24;171.99;32.12;189.12;28.80;205.49;22.77;220.14;14.72;232.86;5.27;244.02;--;--;--;--;--;--;--;--;--;--;--;--;
2020-11-03;--;--;--;--;--;--;--;--;--;--;--;--;--;--;--;--;5.78;116.81;15.12;128.05;23.02;140.89;28.85;155.63;31.94;172.03;31.82;189.08;28.51;205.38;22.51;219.97;14.48;232.67;5.05;243.80;--;--;--;--;--;--;--;--;--;--;--;--;
2020-11-04;--;--;--;--;--;--;--;--;--;--;--;--;--;--;--;--;5.55;117.02;14.87;128.24;22.75;141.05;28.56;155.73;31.63;172.06;31.51;189.03;28.22;205.26;22.24;219.80;14.24;232.47;4.83;243.59;--;--;--;--;--;--;--;--;--;--;--;--;
2020-11-05;--;--;--;--;--;--;--;--;--;--;--;--;--;--;--;--;5.33;117.22;14.63;128.43;22.48;141.20;28.27;155.83;31.33;172.09;31.21;188.98;27.94;205.14;21.98;219.64;14.00;232.27;4.61;243.37;--;--;--;--;--;--;--;--;--;--;--;--;
2020-11-06;--;--;--;--;--;--;--;--;--;--;--;--;--;--;--;--;5.10;117.42;14.38;128.60;22.22;141.34;27.98;155.93;31.03;172.11;30.92;188.92;27.66;205.02;21.73;219.47;13.77;232.08;4.41;243.16;--;--;--;--;--;--;--;--;--;--;--;--;
2020-11-07;--;--;--;--;--;--;--;--;--;--;--;--;--;--;--;--;4.88;117.61;14.14;128.77;21.95;141.48;27.70;156.02;30.74;172.13;30.63;188.86;27.39;204.89;21.48;219.30;13.55;231.88;4.21;242.95;--;--;--;--;--;--;--;--;--;--;--;--;
2020-11-08;--;--;--;--;--;--;--;--;--;--;--;--;--;--;--;--;4.65;117.79;13.90;128.94;21.69;141.61;27.42;156.10;30.45;172.15;30.35;188.80;27.12;204.77;21.24;219.13;13.33;231.69;4.01;242.74;--;--;--;--;--;--;--;--;--;--;--;--;
2020-11-09;--;--;--;--;--;--;--;--;--;--;--;--;--;--;--;--;4.43;117.97;13.66;129.10;21.43;141.74;27.15;156.18;30.17;172.16;30.07;188.74;26.86;204.64;21.00;218.97;13.12;231.50;3.82;242.53;--;--;--;--;--;--;--;--;--;--;--;--;
2020-11-10;--;--;--;--;--;--;--;--;--;--;--;--;--;--;--;--;4.21;118.15;13.42;129.25;21.18;141.86;26.87;156.25;29.89;172.17;29.79;188.68;26.61;204.52;20.77;218.80;12.91;231.30;3.63;242.32;--;--;--;--;--;--;--;--;--;--;--;--;
2020-11-11;--;--;--;--;--;--;--;--;--;--;--;--;--;--;--;--;3.99;118.32;13.18;129.40;20.92;141.98;26.60;156.32;29.61;172.17;29.52;188.61;26.36;204.39;20.55;218.63;12.71;231.11;3.45;242.11;--;--;--;--;--;--;--;--;--;--;--;--;
2020-11-12;--;--;--;--;--;--;--;--;--;--;--;--;--;--;--;--;3.77;118.48;12.95;129.54;20.67;142.09;26.34;156.38;29.34;172.16;29.26;188.54;26.11;204.26;20.33;218.46;12.52;230.92;3.28;241.90;--;--;--;--;--;--;--;--;--;--;--;--;
2020-11-13;--;--;--;--;--;--;--;--;--;--;--;--;--;--;--;--;3.56;118.64;12.72;129.67;20.42;142.19;26.08;156.43;29.07;172.16;29.00;188.46;25.87;204.13;20.11;218.29;12.33;230.73;3.11;241.70;--;--;--;--;--;--;--;--;--;--;--;--;
2020-11-14;--;--;--;--;--;--;--;--;--;--;--;--;--;--;--;--;3.34;118.79;12.49;129.80;20.18;142.28;25.82;156.48;28.81;172.15;28.75;188.39;25.64;204.00;19.90;218.13;12.15;230.54;2.95;241.49;--;--;--;--;--;--;--;--;--;--;--;--;
2020-11-15;--;--;--;--;--;--;--;--;--;--;--;--;--;--;--;--;3.13;118.93;12.26;129.92;19.93;142.38;25.57;156.53;28.56;172.13;28.51;188.31;25.42;203.87;19.70;217.96;11.97;230.35;2.80;241.29;--;--;--;--;--;--;--;--;--;--;--;--;
2020-11-16;--;--;--;--;--;--;--;--;--;--;--;--;--;--;--;--;2.92;119.07;12.04;130.04;19.70;142.46;25.32;156.57;28.31;172.11;28.26;188.23;25.20;203.74;19.51;217.79;11.80;230.16;2.65;241.09;--;--;--;--;--;--;--;--;--;--;--;--;
2020-11-17;--;--;--;--;--;--;--;--;--;--;--;--;--;--;--;--;2.71;119.20;11.81;130.15;19.46;142.54;25.07;156.60;28.06;172.09;28.03;188.14;24.98;203.60;19.32;217.63;11.64;229.98;2.51;240.89;--;--;--;--;--;--;--;--;--;--;--;--;
2020-11-18;--;--;--;--;--;--;--;--;--;--;--;--;--;--;--;--;2.50;119.32;11.59;130.25;19.23;142.61;24.83;156.63;27.82;172.06;27.80;188.05;24.77;203.47;19.14;217.46;11.48;229.79;2.37;240.69;--;--;--;--;--;--;--;--;--;--;--;--;
2020-11-19;--;--;--;--;--;--;--;--;--;--;--;--;--;--;--;--;2.30;119.44;11.38;130.35;19.00;142.68;24.60;156.65;27.59;172.03;27.58;187.97;24.57;203.33;18.96;217.29;11.33;229.61;2.24;240.49;--;--;--;--;--;--;--;--;--;--;--;--;
2020-11-20;--;--;--;--;--;--;--;--;--;--;--;--;--;--;--;--;2.09;119.56;11.16;130.44;18.78;142.74;24.37;156.67;27.36;171.99;27.36;187.87;24.38;203.20;18.79;217.13;11.18;229.42;2.12;240.30;--;--;--;--;--;--;--;--;--;--;--;--;
2020-11-21;--;--;--;--;--;--;--;--;--;--;--;--;--;--;--;--;1.89;119.66;10.95;130.52;18.55;142.79;24.14;156.68;27.14;171.95;27.15;187.78;24.19;203.06;18.63;216.96;11.04;229.24;2.00;240.11;--;--;--;--;--;--;--;--;--;--;--;--;
2020-11-22;--;--;--;--;--;--;--;--;--;--;--;--;--;--;--;--;1.70;119.76;10.74;130.60;18.34;142.84;23.92;156.69;26.92;171.91;26.95;187.69;24.01;202.92;18.47;216.80;10.91;229.06;1.89;239.92;--;--;--;--;--;--;--;--;--;--;--;--;
2020-11-23;--;--;--;--;--;--;--;--;--;--;--;--;--;--;--;--;1.50;119.86;10.54;130.68;18.13;142.88;23.70;156.69;26.71;171.86;26.75;187.59;23.83;202.79;18.32;216.64;10.79;228.88;1.78;239.73;--;--;--;--;--;--;--;--;--;--;--;--;
2020-11-24;--;--;--;--;--;--;--;--;--;--;--;--;--;--;--;--;1.31;119.94;10.34;130.74;17.92;142.92;23.49;156.69;26.50;171.81;26.56;187.49;23.66;202.65;18.18;216.47;10.67;228.71;1.69;239.54;--;--;--;--;--;--;--;--;--;--;--;--;
2020-11-25;--;--;--;--;--;--;--;--;--;--;--;--;--;--;--;--;1.12;120.03;10.14;130.80;17.71;142.95;23.29;156.68;26.30;171.75;26.38;187.39;23.50;202.51;18.04;216.31;10.56;228.53;1.59;239.36;--;--;--;--;--;--;--;--;--;--;--;--;
2020-11-26;--;--;--;--;--;--;--;--;--;--;--;--;--;--;--;--;0.93;120.10;9.95;130.85;17.51;142.98;23.08;156.67;26.11;171.69;26.20;187.28;23.35;202.37;17.91;216.15;10.45;228.36;1.51;239.18;--;--;--;--;--;--;--;--;--;--;--;--;
2020-11-27;--;--;--;--;--;--;--;--;--;--;--;--;--;--;--;--;0.75;120.17;9.76;130.90;17.32;143.00;22.89;156.65;25.92;171.63;26.03;187.18;23.20;202.23;17.79;215.99;10.35;228.19;1.43;239.00;--;--;--;--;--;--;--;--;--;--;--;--;
2020-11-28;--;--;--;--;--;--;--;--;--;--;--;--;--;--;--;--;0.56;120.23;9.57;130.94;17.13;143.01;22.70;156.63;25.74;171.57;25.86;187.07;23.06;202.09;17.68;215.83;10.26;228.02;1.36;238.82;--;--;--;--;--;--;--;--;--;--;--;--;
2020-11-29;--;--;--;--;--;--;--;--;--;--;--;--;--;--;--;--;0.39;120.29;9.39;130.98;16.94;143.02;22.52;156.60;25.56;171.50;25.70;186.96;22.92;201.95;17.57;215.68;10.18;227.85;1.30;238.65;--;--;--;--;--;--;--;--;--;--;--;--;
2020-11-30;--;--;--;--;--;--;--;--;--;--;--;--;--;--;--;--;0.21;120.33;9.21;131.01;16.76;143.02;22.34;156.57;25.39;171.42;25.55;186.85;22.80;201.81;17.47;215.52;10.10;227.69;1.24;238.48;--;--;--;--;--;--;--;--;--;--;--;--;
2020-12-01;--;--;--;--;--;--;--;--;--;--;--;--;--;--;--;--;0.04;120.38;9.03;131.03;16.58;143.02;22.16;156.53;25.23;171.35;25.41;186.74;22.68;201.68;17.37;215.36;10.03;227.53;1.19;238.31;--;--;--;--;--;--;--;--;--;--;--;--;
2020-12-02;--;--;--;--;--;--;--;--;--;--;--;--;--;--;--;--;-0.13;120.41;8.86;131.05;16.41;143.01;22.00;156.49;25.08;171.27;25.27;186.62;22.57;201.54;17.29;215.21;9.97;227.37;1.14;238.15;--;--;--;--;--;--;--;--;--;--;--;--;
2020-12-03;--;--;--;--;--;--;--;--;--;--;--;--;--;--;--;--;-0.29;120.44;8.69;131.06;16.25;142.99;21.84;156.44;24.93;171.19;25.15;186.51;22.46;201.40;17.21;215.06;9.91;227.21;1.10;237.99;--;--;--;--;--;--;--;--;--;--;--;--;
2020-12-04;--;--;--;--;--;--;--;--;--;--;--;--;--;--;--;--;-0.45;120.47;8.53;131.06;16.09;142.97;21.68;156.39;24.79;171.10;25.02;186.39;22.36;201.26;17.13;214.91;9.86;227.05;1.07;237.83;--;--;--;--;--;--;--;--;--;--;--;--;
2020-12-05;--;--;--;--;--;--;--;--;--;--;--;--;--;--;--;--;-0.61;120.48;8.37;131.06;15.93;142.95;21.53;156.34;24.65;171.02;24.91;186.28;22.27;201.12;17.07;214.76;9.81;226.90;1.05;237.68;--;--;--;--;--;--;--;--;--;--;--;--;
2020-12-06;--;--;--;--;--;--;--;--;--;--;--;--;--;--;--;--;-0.76;120.49;8.22;131.06;15.78;142.92;21.39;156.28;24.52;170.92;24.80;186.16;22.19;200.98;17.01;214.61;9.78;226.75;1.03;237.53;--;--;--;--;--;--;--;--;--;--;--;--;
2020-12-07;--;--;--;--;--;--;--;--;--;--;--;--;--;--;--;--;--;--;8.07;131.04;15.64;142.88;21.26;156.21;24.40;170.83;24.70;186.04;22.11;200.85;16.96;214.47;9.75;226.60;1.02;237.38;--;--;--;--;--;--;--;--;--;--;--;--;
2020-12-08;--;--;--;--;--;--;--;--;--;--;--;--;--;--;--;--;--;--;7.93;131.02;15.50;142.84;21.13;156.14;24.29;170.73;24.61;185.92;22.05;200.71;16.91;214.33;9.73;226.46;1.01;237.24;--;--;--;--;--;--;--;--;--;--;--;--;
2020-12-09;--;--;--;--;--;--;--;--;--;--;--;--;--;--;--;--;--;--;7.79;131.00;15.36;142.80;21.00;156.07;24.18;170.64;24.52;185.79;21.98;200.57;16.88;214.19;9.71;226.32;1.01;237.10;--;--;--;--;--;--;--;--;--;--;--;--;
2020-12-10;--;--;--;--;--;--;--;--;--;--;--;--;--;--;--;--;--;--;7.66;130.97;15.24;142.75;20.89;156.00;24.08;170.53;24.44;185.67;21.93;200.44;16.85;214.05;9.70;226.18;1.02;236.96;--;--;--;--;--;--;--;--;--;--;--;--;
2020-12-11;--;--;--;--;--;--;--;--;--;--;--;--;--;--;--;--;--;--;7.53;130.93;15.11;142.69;20.78;155.92;23.99;170.43;24.37;185.55;21.89;200.31;16.83;213.91;9.70;226.05;1.03;236.83;--;--;--;--;--;--;--;--;--;--;--;--;
2020-12-12;--;--;--;--;--;--;--;--;--;--;--;--;--;--;--;--;--;--;7.41;130.89;15.00;142.63;20.67;155.84;23.90;170.32;24.31;185.42;21.85;200.17;16.81;213.78;9.70;225.92;1.05;236.71;--;--;--;--;--;--;--;--;--;--;--;--;
2020-12-13;--;--;--;--;--;--;--;--;--;--;--;--;--;--;--;--;--;--;7.29;130.84;14.89;142.56;20.58;155.75;23.82;170.22;24.25;185.30;21.82;200.04;16.80;213.65;9.71;225.79;1.08;236.58;--;--;--;--;--;--;--;--;--;--;--;--;
2020-12-14;--;--;--;--;--;--;--;--;--;--;--;--;--;--;--;--;--;--;7.18;130.79;14.79;142.49;20.49;155.66;23.75;170.11;24.21;185.18;21.79;199.91;16.80;213.52;9.73;225.67;1.11;236.46;--;--;--;--;--;--;--;--;--;--;--;--;
2020-12-15;--;--;--;--;--;--;--;--;--;--;--;--;--;--;--;--;--;--;7.07;130.73;14.69;142.42;20.40;155.56;23.69;169.99;24.17;185.05;21.78;199.78;16.81;213.39;9.76;225.55;1.15;236.35;--;--;--;--;--;--;--;--;--;--;--;--;
2020-12-16;--;--;--;--;--;--;--;--;--;--;--;--;--;--;--;--;--;--;6.97;130.67;14.60;142.34;20.33;155.47;23.63;169.88;24.13;184.93;21.77;199.65;16.82;213.27;9.79;225.43;1.20;236.24;--;--;--;--;--;--;--;--;--;--;--;--;
2020-12-17;--;--;--;--;--;--;--;--;--;--;--;--;--;--;--;--;--;--;6.87;130.60;14.51;142.26;20.26;155.37;23.58;169.76;24.11;184.80;21.77;199.53;16.84;213.15;9.83;225.32;1.25;236.14;--;--;--;--;--;--;--;--;--;--;--;--;
2020-12-18;--;--;--;--;--;--;--;--;--;--;--;--;--;--;--;--;--;--;6.78;130.53;14.43;142.17;20.19;155.26;23.54;169.65;24.09;184.68;21.77;199.40;16.87;213.03;9.87;225.21;1.31;236.04;--;--;--;--;--;--;--;--;--;--;--;--;
2020-12-19;--;--;--;--;--;--;--;--;--;--;--;--;--;--;--;--;--;--;6.70;130.45;14.36;142.08;20.14;155.15;23.51;169.53;24.08;184.55;21.79;199.28;16.90;212.92;9.92;225.11;1.37;235.94;--;--;--;--;--;--;--;--;--;--;--;--;
2020-12-20;--;--;--;--;--;--;--;--;--;--;--;--;--;--;--;--;--;--;6.62;130.37;14.30;141.98;20.09;155.04;23.48;169.40;24.08;184.42;21.81;199.16;16.95;212.81;9.98;225.01;1.44;235.85;--;--;--;--;--;--;--;--;--;--;--;--;
2020-12-21;--;--;--;--;--;--;--;--;--;--;--;--;--;--;--;--;--;--;6.55;130.28;14.24;141.88;20.05;154.93;23.46;169.28;24.08;184.30;21.84;199.04;17.00;212.70;10.05;224.91;1.52;235.77;--;--;--;--;--;--;--;--;--;--;--;--;
2020-12-22;--;--;--;--;--;--;--;--;--;--;--;--;--;--;--;--;--;--;6.48;130.18;14.19;141.77;20.02;154.81;23.45;169.16;24.10;184.18;21.87;198.93;17.05;212.59;10.12;224.82;1.60;235.68;--;--;--;--;--;--;--;--;--;--;--;--;
2020-12-23;--;--;--;--;--;--;--;--;--;--;--;--;--;--;--;--;--;--;6.42;130.09;14.14;141.66;19.99;154.70;23.45;169.03;24.12;184.05;21.92;198.81;17.11;212.49;10.19;224.73;1.69;235.61;--;--;--;--;--;--;--;--;--;--;--;--;
2020-12-24;--;--;--;--;--;--;--;--;--;--;--;--;--;--;--;--;--;--;6.37;129.98;14.10;141.55;19.97;154.57;23.45;168.91;24.15;183.93;21.97;198.70;17.18;212.40;10.28;224.65;1.78;235.54;--;--;--;--;--;--;--;--;--;--;--;--;
2020-12-25;--;--;--;--;--;--;--;--;--;--;--;--;--;--;--;--;--;--;6.32;129.87;14.07;141.44;19.96;154.45;23.46;168.78;24.18;183.81;22.03;198.59;17.26;212.30;10.37;224.58;1.88;235.48;--;--;--;--;--;--;--;--;--;--;--;--;
2020-12-26;--;--;--;--;--;--;--;--;--;--;--;--;--;--;--;--;--;--;6.28;129.76;14.04;141.32;19.95;154.32;23.48;168.65;24.23;183.68;22.09;198.48;17.34;212.21;10.46;224.50;1.98;235.42;--;--;--;--;--;--;--;--;--;--;--;--;
2020-12-27;--;--;--;--;--;--;--;--;--;--;--;--;--;--;--;--;--;--;6.24;129.65;14.03;141.19;19.96;154.19;23.51;168.52;24.28;183.56;22.17;198.38;17.43;212.13;10.56;224.43;2.09;235.36;--;--;--;--;--;--;--;--;--;--;--;--;
2020-12-28;--;--;--;--;--;--;--;--;--;--;--;--;--;--;--;--;--;--;6.22;129.52;14.01;141.07;19.97;154.06;23.54;168.39;24.34;183.44;22.25;198.27;17.53;212.04;10.67;224.37;2.21;235.32;--;--;--;--;--;--;--;--;--;--;--;--;
2020-12-29;--;--;--;--;--;--;--;--;--;--;--;--;--;--;--;--;--;--;6.19;129.40;14.01;140.94;19.98;153.93;23.58;168.26;24.40;183.32;22.33;198.17;17.63;211.97;10.79;224.31;2.33;235.27;--;--;--;--;--;--;--;--;--;--;--;--;
2020-12-30;--;--;--;--;--;--;--;--;--;--;--;--;--;--;--;--;--;--;6.18;129.27;14.01;140.80;20.01;153.79;23.63;168.13;24.48;183.21;22.43;198.08;17.74;211.89;10.91;224.26;2.45;235.24;--;--;--;--;--;--;--;--;--;--;--;--;
2020-12-31;--;--;--;--;--;--;--;--;--;--;--;--;--;--;--;--;--;--;6.17;129.14;14.02;140.66;20.04;153.66;23.69;168.00;24.56;183.09;22.53;197.98;17.86;211.82;11.03;224.21;2.58;235.21;--;--;--;--;--;--;--;--;--;--;--;--;
